/*
SQLyog Ultimate v11.11 (64 bit)
MySQL - 5.5.5-10.1.30-MariaDB : Database - proyectobase
*********************************************************************
*/

/*!40101 SET NAMES utf8 */;

/*!40101 SET SQL_MODE=''*/;

/*!40014 SET @OLD_UNIQUE_CHECKS=@@UNIQUE_CHECKS, UNIQUE_CHECKS=0 */;
/*!40014 SET @OLD_FOREIGN_KEY_CHECKS=@@FOREIGN_KEY_CHECKS, FOREIGN_KEY_CHECKS=0 */;
/*!40101 SET @OLD_SQL_MODE=@@SQL_MODE, SQL_MODE='NO_AUTO_VALUE_ON_ZERO' */;
/*!40111 SET @OLD_SQL_NOTES=@@SQL_NOTES, SQL_NOTES=0 */;
CREATE DATABASE /*!32312 IF NOT EXISTS*/`proyectobase` /*!40100 DEFAULT CHARACTER SET latin1 */;

USE `proyectobase`;

/*Table structure for table `colormascota` */

DROP TABLE IF EXISTS `colormascota`;

CREATE TABLE `colormascota` (
  `ID_COLORMASCOTA` varchar(36) NOT NULL,
  `COLOR` varchar(50) DEFAULT NULL,
  `COLORMASCOTA_ESTADO` varchar(5) DEFAULT NULL,
  `USERREG` varchar(36) DEFAULT NULL,
  `FECREG` datetime DEFAULT NULL,
  `USERMOD` varchar(36) DEFAULT NULL,
  `FECMOD` datetime DEFAULT NULL,
  PRIMARY KEY (`ID_COLORMASCOTA`)
) ENGINE=InnoDB DEFAULT CHARSET=latin1;

/*Data for the table `colormascota` */

insert  into `colormascota`(`ID_COLORMASCOTA`,`COLOR`,`COLORMASCOTA_ESTADO`,`USERREG`,`FECREG`,`USERMOD`,`FECMOD`) values ('00AE3F2C-E1E5-4FD8-B55B-C1DE4425F779','MARRON SIN PELO','1','A931CD7F-235E-4019-BD38-1F8995270FF4','2018-05-07 19:36:44',NULL,NULL),('0388B5EB-6575-4C02-9E5B-B0E2B0B4097C','ARENA','1','A931CD7F-235E-4019-BD38-1F8995270FF4','2018-05-07 19:47:16',NULL,NULL),('07E67790-4AE7-4F52-A919-97B9B50F42BF','CANELA','1','A931CD7F-235E-4019-BD38-1F8995270FF4','2018-05-07 19:45:14',NULL,NULL),('0C0177A3-7B1A-462B-9582-196027E3563C','ROJIZO','1','A931CD7F-235E-4019-BD38-1F8995270FF4','2018-05-07 19:38:55',NULL,NULL),('0CF8B36A-8613-427A-A147-E9157CC2B81F','CANELA CLARO','1','A931CD7F-235E-4019-BD38-1F8995270FF4','2018-05-07 19:45:19',NULL,NULL),('0E3EB5D8-7C3D-4FB7-A873-6E410D79046B','MARRON/NEGRO/BLANCO','1','A931CD7F-235E-4019-BD38-1F8995270FF4','2018-05-07 19:40:23',NULL,NULL),('0EF54CC2-B3FF-4FCE-BC99-B3784C18D37E','GRIS COBRIZO','1','A931CD7F-235E-4019-BD38-1F8995270FF4','2018-05-07 19:45:41',NULL,NULL),('10FAE06C-3B24-40A6-9490-F9162420E648','FUEGO','1','A931CD7F-235E-4019-BD38-1F8995270FF4','2018-05-07 19:10:27',NULL,NULL),('117D3939-0649-45F8-9E57-FF59AA895F72','GRIS PLATEADO','1','A931CD7F-235E-4019-BD38-1F8995270FF4','2018-05-07 19:14:06',NULL,NULL),('14E7495A-0377-40B9-8576-06B108CD0D27','ROJIZO/BEIGE','1','A931CD7F-235E-4019-BD38-1F8995270FF4','2018-05-07 19:40:13',NULL,NULL),('16E26EF4-2328-40AF-8F6A-CACB59961484','CASTAÑO/BLANCO','1','A931CD7F-235E-4019-BD38-1F8995270FF4','2018-05-07 19:09:14',NULL,NULL),('17692DA2-45F8-4EF3-B6E0-F983618C42EF','BLUE MERLE','1','A931CD7F-235E-4019-BD38-1F8995270FF4','2018-05-07 19:40:07',NULL,NULL),('1957EDD2-5166-4280-B23C-6E3ED0601B90','GRIS (SAL Y PIMIENTA)','1','A931CD7F-235E-4019-BD38-1F8995270FF4','2018-05-07 19:10:33',NULL,NULL),('19F31AE7-5C5A-4237-8B18-5DDC8B826D38','ARLEQUIN','1','A931CD7F-235E-4019-BD38-1F8995270FF4','2018-05-07 19:41:26',NULL,NULL),('1E62E842-B4B2-4B35-8F63-C64ACF0AB758','ALBINO','1','A931CD7F-235E-4019-BD38-1F8995270FF4','2018-05-07 19:47:04','A931CD7F-235E-4019-BD38-1F8995270FF4','2018-05-07 22:45:43'),('22547825-FB0E-4CAF-AA35-C6705FEC80D6','MARRON/AMARILLO/BLANCO','1','A931CD7F-235E-4019-BD38-1F8995270FF4','2018-05-07 19:40:18',NULL,NULL),('23BA6E6E-C903-4173-B5ED-36062CBD58A5','BLANCO/NEGRO/MARRON','1','A931CD7F-235E-4019-BD38-1F8995270FF4','2018-05-07 19:08:47',NULL,NULL),('2573C541-9E46-49C1-AC1A-A57A61AFDB4E','BLANCO/CREMA','1','A931CD7F-235E-4019-BD38-1F8995270FF4','2018-05-07 19:41:47',NULL,NULL),('262C4A82-B7BC-4554-968E-AE0B9178ED18','GRIS RATA','1','A931CD7F-235E-4019-BD38-1F8995270FF4','2018-05-07 19:14:12',NULL,NULL),('262F92A4-FD67-41DA-8DB4-F0BB16E21193','CARAMELO/BLANCO','1','A931CD7F-235E-4019-BD38-1F8995270FF4','2018-05-07 19:45:32',NULL,NULL),('2801E99A-F493-44E1-B6C2-AB86879870F0','BLANCO/BEIGE','1','A931CD7F-235E-4019-BD38-1F8995270FF4','2018-05-07 19:08:28',NULL,NULL),('28094A7A-9D8E-4CAC-812D-EA048346114F','ACERO','1','A931CD7F-235E-4019-BD38-1F8995270FF4','2018-05-07 19:41:13','A931CD7F-235E-4019-BD38-1F8995270FF4','2018-05-07 22:45:50'),('283D6007-8E03-47DD-9F95-3F1764F09AD1','NEGRO/BEIGE','1','A931CD7F-235E-4019-BD38-1F8995270FF4','2018-05-07 19:37:09',NULL,NULL),('28CEF774-71E3-459C-AF1F-CBDDC3242698','MARRON/LEONADO','1','A931CD7F-235E-4019-BD38-1F8995270FF4','2018-05-07 19:40:28',NULL,NULL),('2942A8AB-D5A8-4F77-A0F0-9E86E11FFE09','DORADO/NEGRO','1','A931CD7F-235E-4019-BD38-1F8995270FF4','2018-05-07 19:10:06',NULL,NULL),('2A7FD608-2505-455C-8C87-D650BADD9B00','DORADO','1','A931CD7F-235E-4019-BD38-1F8995270FF4','2018-05-07 19:09:42',NULL,NULL),('2A9D96E6-FE62-41DB-9D80-73AC1B79F182','NEGRO/BLANCO','1','A931CD7F-235E-4019-BD38-1F8995270FF4','2018-05-07 19:37:15',NULL,NULL),('2B620659-55D4-41D4-9206-2FE51F9214F9','CARAMELO/NEGRO','1','A931CD7F-235E-4019-BD38-1F8995270FF4','2018-05-07 19:40:46',NULL,NULL),('2BB35BF9-7A15-487A-A5D7-B94EB1ABF379','BLANCO/GRIS','1','A931CD7F-235E-4019-BD38-1F8995270FF4','2018-05-07 19:41:53',NULL,NULL),('2C4794BE-EE8A-42E6-BC4E-B667E48A3ADF','FUEGO/MANTO NEGRO','1','A931CD7F-235E-4019-BD38-1F8995270FF4','2018-05-07 19:39:34',NULL,NULL),('318655D5-A866-4FAC-9347-C8A8376F6F49','GRIS OSCURO','1','A931CD7F-235E-4019-BD38-1F8995270FF4','2018-05-07 19:13:55',NULL,NULL),('31CCE3AA-5569-4B88-B43A-64C929D81C1D','NEGRO CAFE','1','A931CD7F-235E-4019-BD38-1F8995270FF4','2018-05-07 19:38:28',NULL,NULL),('32BCBF77-17A0-4345-A6DC-CB2F6638EED9','GRIS/DORADO','1','A931CD7F-235E-4019-BD38-1F8995270FF4','2018-05-07 19:13:23',NULL,NULL),('3450D595-8D16-469C-97D2-22D6FDB777DD','CHOCOLATE','1','A931CD7F-235E-4019-BD38-1F8995270FF4','2018-05-07 19:09:28',NULL,NULL),('359C430D-9337-42CE-A4CD-CB93253808DB','BLANCO/GRIS/MARRON','1','A931CD7F-235E-4019-BD38-1F8995270FF4','2018-05-07 19:47:34',NULL,NULL),('36722611-E9F6-4F0C-AFD0-6F430AC20D55','BLANCO CON OREJAS NEGRAS','1','A931CD7F-235E-4019-BD38-1F8995270FF4','2018-05-07 19:44:38',NULL,NULL),('38D97883-1677-494A-8C32-59691F6B4D93','BLANCO/CARAMELO','1','A931CD7F-235E-4019-BD38-1F8995270FF4','2018-05-07 19:44:22',NULL,NULL),('3B158B66-9659-4C63-A4BA-C30CC11BFC04','NEGRO/CHAMPAGNE','1','A931CD7F-235E-4019-BD38-1F8995270FF4','2018-05-07 19:39:58',NULL,NULL),('3C7B5CAD-6EBE-4BD5-B9D6-36719191BA01','BEIGE/BLANCO','1','A931CD7F-235E-4019-BD38-1F8995270FF4','2018-05-07 19:42:46',NULL,NULL),('3DD8E878-36F5-449E-8FF3-A7567C392A55','GRIS/NEGRO/BLANCO','1','A931CD7F-235E-4019-BD38-1F8995270FF4','2018-05-07 19:13:29',NULL,NULL),('3EF25A6F-C949-4B49-AE45-87CEEE5865B6','AZULADO / DORADO','1','A931CD7F-235E-4019-BD38-1F8995270FF4','2018-05-07 19:07:48',NULL,NULL),('40DB9A57-FB14-4291-8E41-F09AA73FD0C3','ROJO CARBONADO','1','A931CD7F-235E-4019-BD38-1F8995270FF4','2018-05-07 19:07:34',NULL,NULL),('44300CD9-2DA4-44DA-9B04-B7AAE9C05C5A','NEGRO/MARRON/FUEGO','1','A931CD7F-235E-4019-BD38-1F8995270FF4','2018-05-07 19:38:13',NULL,NULL),('45AFDE0B-8359-4DD5-82CB-18404FA3DAC7','DORADO/PLATEADO/NEGRO','1','A931CD7F-235E-4019-BD38-1F8995270FF4','2018-05-07 19:46:47',NULL,NULL),('48039559-7806-49D8-94B1-4182930BCDD6','BLANCO HUESO','1','A931CD7F-235E-4019-BD38-1F8995270FF4','2018-05-07 19:44:47',NULL,NULL),('4B559E9E-7654-4F52-8C3C-E57EA45B446E','GRIS','1','A931CD7F-235E-4019-BD38-1F8995270FF4','2018-05-07 19:42:14',NULL,NULL),('4C206810-AE5F-49ED-A70B-584D858B73D1','NEGRO/MARRON','1','A931CD7F-235E-4019-BD38-1F8995270FF4','2018-05-07 19:38:03',NULL,NULL),('4E60F6D1-7815-45E2-AD13-01BB2D54331E','MANTO NEGRO','1','A931CD7F-235E-4019-BD38-1F8995270FF4','2018-05-07 19:35:55',NULL,NULL),('4EAE7891-E028-4A30-B2A3-D1697514B604','DORADO/MANTO AZUL','1','A931CD7F-235E-4019-BD38-1F8995270FF4','2018-05-07 19:09:58',NULL,NULL),('517186A6-5476-4352-B9B6-0543316AAB0C','DORADO/BLANCO','1','A931CD7F-235E-4019-BD38-1F8995270FF4','2018-05-07 19:47:27',NULL,NULL),('551280DA-4766-4DA2-A528-78DACBEDFB0C','BEIGE/GRIS','1','A931CD7F-235E-4019-BD38-1F8995270FF4','2018-05-07 19:45:59',NULL,NULL),('5596E6F8-9A5D-48F8-A406-5C0FF62E7B35','CANELA/BLANCO','1','A931CD7F-235E-4019-BD38-1F8995270FF4','2018-05-07 19:39:29',NULL,NULL),('579723F4-6FC4-413D-91FB-36A06D6DA035','BLANCO MARMOL','1','A931CD7F-235E-4019-BD38-1F8995270FF4','2018-05-07 19:44:52',NULL,NULL),('59AA4033-D8FC-4F8A-A49D-C83218542E2C','BLANCO/PLOMIZO/NEGRO','1','A931CD7F-235E-4019-BD38-1F8995270FF4','2018-05-07 19:08:54',NULL,NULL),('5A87A1CE-877F-44BC-B145-D4A182CF3A95','TRICOLOR','1','A931CD7F-235E-4019-BD38-1F8995270FF4','2018-05-07 19:39:13',NULL,NULL),('5BA03713-2010-4DC8-958A-9BC4A1481C0E','BEIGE/DORADO','1','A931CD7F-235E-4019-BD38-1F8995270FF4','2018-05-07 19:42:53',NULL,NULL),('5D896D12-92BA-41E2-A9EC-49995A12B956','BEIGE/NEGRO','1','A931CD7F-235E-4019-BD38-1F8995270FF4','2018-05-07 19:43:16',NULL,NULL),('5DFE03D6-0455-4989-9B92-447E788F9C75','GRIS/BEIGE','1','A931CD7F-235E-4019-BD38-1F8995270FF4','2018-05-07 19:46:04',NULL,NULL),('5EBC1616-44E2-47F2-8A97-13AF7CF2BF93','CREMA','1','A931CD7F-235E-4019-BD38-1F8995270FF4','2018-05-07 19:09:33',NULL,NULL),('5F3A5A91-155D-470D-AADA-16030C04ECB0','BLANCO/CAFE','1','A931CD7F-235E-4019-BD38-1F8995270FF4','2018-05-07 19:46:53',NULL,NULL),('61FE078E-C07D-48BB-B0AC-7A085E022E14','MARRON','1','A931CD7F-235E-4019-BD38-1F8995270FF4','2018-05-07 19:36:04',NULL,NULL),('67C1D58D-7B57-475F-9D39-78A6F066FA78','CHOCOLATE/BLANCO','1','A931CD7F-235E-4019-BD38-1F8995270FF4','2018-05-07 19:45:45',NULL,NULL),('695A1E47-9CF0-45B2-8E1B-58451D02BE99','GRIS/BLANCO','1','A931CD7F-235E-4019-BD38-1F8995270FF4','2018-05-07 19:10:49',NULL,NULL),('6978F317-56E3-4E85-9C9D-4155FADE6BED','NEGRO/GRIS/BEIGE','1','A931CD7F-235E-4019-BD38-1F8995270FF4','2018-05-07 19:37:56',NULL,NULL),('6C8B6A95-3408-413D-8724-0222BFC1ED72','HUESO','1','A931CD7F-235E-4019-BD38-1F8995270FF4','2018-05-07 19:16:09',NULL,NULL),('71344579-0AB3-4A92-83BD-4B47DABB4ECA','BLANCO','1','A931CD7F-235E-4019-BD38-1F8995270FF4','2018-05-07 19:44:16',NULL,NULL),('78589CEE-DC9E-4EE9-841D-04986B769EC1','AMARILLO','1','A931CD7F-235E-4019-BD38-1F8995270FF4','2018-05-07 19:08:03','A931CD7F-235E-4019-BD38-1F8995270FF4','2018-05-07 22:45:39'),('7933FD6A-03A8-4D14-84E5-6D30EB3C8F2F','AZUL/BLANCO','1','A931CD7F-235E-4019-BD38-1F8995270FF4','2018-05-07 19:07:41',NULL,NULL),('7B069099-7FF2-4E7A-87A1-6D82AE6A6D3A','PLATA/DORADO/AZUL','1','A931CD7F-235E-4019-BD38-1F8995270FF4','2018-05-07 19:39:47',NULL,NULL),('7BE94E09-11EA-4739-879B-86189544BC99','BLANCO CON MOTAS','1','A931CD7F-235E-4019-BD38-1F8995270FF4','2018-05-07 19:09:06',NULL,NULL),('7DFE9F2A-1C53-4F57-8425-D1032848EDC7','AZUL ACERO/FUEGO','1','A931CD7F-235E-4019-BD38-1F8995270FF4','2018-05-07 19:41:38',NULL,NULL),('7FC4B55F-92EA-478F-BA84-CDA8D6A6FAFA','BLANCO/CHAMPAGNE','1','A931CD7F-235E-4019-BD38-1F8995270FF4','2018-05-07 19:44:27',NULL,NULL),('8525BA2F-9111-4A17-88B6-A3ECF281FC99','BEIGE/AZUL PLATA','1','A931CD7F-235E-4019-BD38-1F8995270FF4','2018-05-07 19:07:53',NULL,NULL),('8618688C-E181-4A57-9EC3-82C585373CEF','NEGRO/PLATEADO/MARRON','1','A931CD7F-235E-4019-BD38-1F8995270FF4','2018-05-07 19:43:42',NULL,NULL),('8687A62E-CCBF-4493-A964-BC55EAD415BA','MARRON OSCURO','1','A931CD7F-235E-4019-BD38-1F8995270FF4','2018-05-07 19:36:37',NULL,NULL),('8715479A-0879-44A2-8DB2-AC9621FB5E3E','BLANCO/HIGADO','1','A931CD7F-235E-4019-BD38-1F8995270FF4','2018-05-07 19:42:01',NULL,NULL),('8A4DEB3A-F22F-4878-902E-7C23320A27EF','BEIGE/PLATEADO','1','A931CD7F-235E-4019-BD38-1F8995270FF4','2018-05-07 19:39:42',NULL,NULL),('8C7F9DC3-D928-461D-AB8E-CC38388CE507','NEGRO','1','A931CD7F-235E-4019-BD38-1F8995270FF4','2018-05-07 19:36:54',NULL,NULL),('8CC8F4CF-374E-4505-B07B-D98BEA5FAF82','NEGRO/ATIGRADO','1','A931CD7F-235E-4019-BD38-1F8995270FF4','2018-05-07 19:37:03',NULL,NULL),('8CC94267-EFDF-436D-B0F7-0F41E13B8150','DORADO/GRIS','1','A931CD7F-235E-4019-BD38-1F8995270FF4','2018-05-07 19:09:47',NULL,NULL),('8FF827FE-49AF-4B74-A418-3CDB83F80496','MARRON/BEIGE','1','A931CD7F-235E-4019-BD38-1F8995270FF4','2018-05-07 19:36:11',NULL,NULL),('927F6525-64FB-42CF-9B0E-3CC597E8F6FD','ATIGRADO MARRON','1','A931CD7F-235E-4019-BD38-1F8995270FF4','2018-05-07 19:41:32',NULL,NULL),('95122045-30E7-494C-A417-072D63C4D5D7','BLANCO CON OREJAS CREMAS','1','A931CD7F-235E-4019-BD38-1F8995270FF4','2018-05-07 19:44:33',NULL,NULL),('9590D100-47C4-4CDD-9003-AD97FA35E436','MARRON/BLANCO','1','A931CD7F-235E-4019-BD38-1F8995270FF4','2018-05-07 19:36:16',NULL,NULL),('964BD6D4-8A77-4BA8-AD15-5E587EF0544B','COBRE','1','A931CD7F-235E-4019-BD38-1F8995270FF4','2018-05-07 19:40:40',NULL,NULL),('971991F6-9B97-418D-9C3A-901BAF849129','TRICOLOR BLANCO/MARRON/NEGRO','1','A931CD7F-235E-4019-BD38-1F8995270FF4','2018-05-07 19:39:19',NULL,NULL),('98C65040-2669-494C-8182-EBEC8295A07D','HUESO/CARAMELO','1','A931CD7F-235E-4019-BD38-1F8995270FF4','2018-05-07 19:16:35',NULL,NULL),('99A85D91-B904-4179-83BE-F53091919BCD','AMARILLO/BLANCO','1','A931CD7F-235E-4019-BD38-1F8995270FF4','2018-05-07 19:47:10',NULL,NULL),('9BBA80B4-AD3A-441E-A053-574040E2D1A5','MARRON CLARO','1','A931CD7F-235E-4019-BD38-1F8995270FF4','2018-05-07 19:36:31',NULL,NULL),('9C1F6068-209A-4119-A827-EE4D0CD170F0','BLANCO/PUNTOS NEGROS','1','A931CD7F-235E-4019-BD38-1F8995270FF4','2018-05-07 19:09:00',NULL,NULL),('9E12670F-2D3C-4F2A-833D-8A29AB1B808D','BICOLOR','1','A931CD7F-235E-4019-BD38-1F8995270FF4','2018-05-07 19:08:16',NULL,NULL),('9E830DBC-B888-4E63-9C26-0A3FD011565F','BEIGE/CARAMELO','1','A931CD7F-235E-4019-BD38-1F8995270FF4','2018-05-07 19:08:08',NULL,NULL),('A047AFB3-B798-4C5B-8312-166A5504E39F','PLATEADO','1','A931CD7F-235E-4019-BD38-1F8995270FF4','2018-05-07 19:38:50',NULL,NULL),('A1DA6F7D-B97C-4C7B-A1CB-67BD642CDA76','NEGRO/CARAMELO','1','A931CD7F-235E-4019-BD38-1F8995270FF4','2018-05-07 19:37:27',NULL,NULL),('A34415B4-6C99-4412-9AA5-FBF73DCB9FF5','BEIGE/MARRON/NEGRO','1','A931CD7F-235E-4019-BD38-1F8995270FF4','2018-05-07 19:43:04',NULL,NULL),('A59A7F4E-3A25-4FFB-9B58-368A11F71AB0','GRIS ELEFANTE','1','A931CD7F-235E-4019-BD38-1F8995270FF4','2018-05-07 19:13:49',NULL,NULL),('A69BA31B-296D-4785-8163-A05E1B48CEC6','NEGRO FUEGO','1','A931CD7F-235E-4019-BD38-1F8995270FF4','2018-05-07 19:38:40',NULL,NULL),('A7D87C6E-5830-43C4-A152-892A1B891732','ROJO','1','A931CD7F-235E-4019-BD38-1F8995270FF4','2018-05-07 19:39:06',NULL,NULL),('A8584D55-1F4E-48D5-AB7E-7783DD22FC4F','BLANCO/NEGRO','1','A931CD7F-235E-4019-BD38-1F8995270FF4','2018-05-07 19:08:40',NULL,NULL),('AC8F92E9-3147-4D77-91E5-68F24666C37C','BEIGE/CREMA','1','A931CD7F-235E-4019-BD38-1F8995270FF4','2018-05-07 19:47:21',NULL,NULL),('AD445B70-8961-4206-92F6-2015480A4F03','LEONADO MARRON/BLANCO/NEGRO','1','A931CD7F-235E-4019-BD38-1F8995270FF4','2018-05-07 19:35:50',NULL,NULL),('AF2677AE-B6E1-451A-9AAC-9E595D79EA9C','CHAMPAGNE','1','A931CD7F-235E-4019-BD38-1F8995270FF4','2018-05-07 19:09:21',NULL,NULL),('B02518D1-7146-4FB1-9AB0-174815078C04','MIEL','1','A931CD7F-235E-4019-BD38-1F8995270FF4','2018-05-07 19:36:49',NULL,NULL),('B12FB1E7-C9D2-4D20-A2B8-AEE0F1429880','BLANCO/MARRON','1','A931CD7F-235E-4019-BD38-1F8995270FF4','2018-05-07 19:08:33',NULL,NULL),('B3A3430B-7D8B-41BF-8451-DB2CB09EE9C4','LEONADO','1','A931CD7F-235E-4019-BD38-1F8995270FF4','2018-05-07 19:35:44',NULL,NULL),('B3D5BC60-DFD5-42C3-B0FE-3E48BC0BB1A9','SAL Y PIMIENTA','1','A931CD7F-235E-4019-BD38-1F8995270FF4','2018-05-07 19:43:24',NULL,NULL),('B46E189E-D0C3-4FF8-AEE5-04B85060AD7A','CREMA/NEGRO','1','A931CD7F-235E-4019-BD38-1F8995270FF4','2018-05-07 19:09:37',NULL,NULL),('B4B8E26E-4617-4C4C-BC2D-651497148839','BEIGE','1','A931CD7F-235E-4019-BD38-1F8995270FF4','2018-05-07 19:42:34',NULL,NULL),('B8BADA3D-2D94-43EA-BE48-51656454108E','PLATA','1','A931CD7F-235E-4019-BD38-1F8995270FF4','2018-05-07 19:38:45',NULL,NULL),('BB0CD899-2316-4877-87DE-B768E9AA1AF1','ATIGRADO','1','A931CD7F-235E-4019-BD38-1F8995270FF4','2018-05-07 19:44:02',NULL,NULL),('BBB07A70-502C-49D6-B45C-15DBB8C1B8D9','CASTAÑO','1','A931CD7F-235E-4019-BD38-1F8995270FF4','2018-05-07 19:45:36',NULL,NULL),('BC4132C2-BE59-4E3D-84E7-D2500C2D3D91','NEGRO/BLANCO/MARRON','1','A931CD7F-235E-4019-BD38-1F8995270FF4','2018-05-07 19:37:20',NULL,NULL),('BF4529DA-333D-4B20-B5B3-E4859D161364','ALBARICOQUE','1','A931CD7F-235E-4019-BD38-1F8995270FF4','2018-05-07 19:41:20','A931CD7F-235E-4019-BD38-1F8995270FF4','2018-05-07 22:45:46'),('C0B58B86-F041-4C8A-8B4B-7E73C9CFA63F','ROJIZO/MARRON','1','A931CD7F-235E-4019-BD38-1F8995270FF4','2018-05-07 19:39:00',NULL,NULL),('C2062DA6-B36C-4769-BED5-1BA620622699','ATIGRADO CLARO','1','A931CD7F-235E-4019-BD38-1F8995270FF4','2018-05-07 19:42:28',NULL,NULL),('C20EEF3F-7C2D-41C6-8F7F-A3C78410BB91','CAFE','1','A931CD7F-235E-4019-BD38-1F8995270FF4','2018-05-07 19:45:10',NULL,NULL),('C3FBF3A5-169B-4BB6-A5D1-11A1E0E872BA','TRICOLOR BLANCO/GRIS/MARRON','1','A931CD7F-235E-4019-BD38-1F8995270FF4','2018-05-07 19:43:57',NULL,NULL),('C41DAA07-AA55-49D2-B318-2D89D844A1F3','BLANCO/MANTO GRIS','1','A931CD7F-235E-4019-BD38-1F8995270FF4','2018-05-07 19:45:50',NULL,NULL),('C64AD00F-18C0-4EA9-B3B2-59F20090EB29','NEGRO/FUEGO','1','A931CD7F-235E-4019-BD38-1F8995270FF4','2018-05-07 19:37:42',NULL,NULL),('C6B755BB-8590-4D93-8226-0A2AF745A04A','NEGRO/BEIGE/BLANCO','1','A931CD7F-235E-4019-BD38-1F8995270FF4','2018-05-07 19:07:58',NULL,NULL),('C75E57F7-D330-4E85-B9C5-40EDE2797F95','ATIGRADO OSCURO','1','A931CD7F-235E-4019-BD38-1F8995270FF4','2018-05-07 19:44:10',NULL,NULL),('CA32E71E-46D7-4B87-BE90-C7BEADBBA956','MARRON CLARO/BLANCO/NEGRO','1','A931CD7F-235E-4019-BD38-1F8995270FF4','2018-05-07 19:46:26',NULL,NULL),('CD0AAE3B-279B-4B7A-89A3-02027E0C448B','MARFIL BLANCO','1','A931CD7F-235E-4019-BD38-1F8995270FF4','2018-05-07 19:36:00',NULL,NULL),('D14C284D-2824-40FB-ADE1-832F6AF7B48C','BLANCO MANCHAS MARRONES','1','A931CD7F-235E-4019-BD38-1F8995270FF4','2018-05-07 19:46:31',NULL,NULL),('D2F1B117-F718-479A-B6A9-6BE22C120764','BLANCO CON MANCHAS NEGRAS','1','A931CD7F-235E-4019-BD38-1F8995270FF4','2018-05-07 19:42:08',NULL,NULL),('D6062E49-C299-4048-869B-7D41E2F84A2F','DORADO/GRIS OSCURO','1','A931CD7F-235E-4019-BD38-1F8995270FF4','2018-05-07 19:09:52',NULL,NULL),('DDB5FAFA-79A8-40B9-9CE1-7549713D1B44','GRIS CARAMELO','1','A931CD7F-235E-4019-BD38-1F8995270FF4','2018-05-07 19:13:43',NULL,NULL),('E170C905-39BE-4B4E-A24A-1F20326B21D1','CAOBA','1','A931CD7F-235E-4019-BD38-1F8995270FF4','2018-05-07 19:45:23',NULL,NULL),('E2D2FBA1-7CD8-440A-8BBC-ADA8836DAE3C','BLANCO PERLADO','1','A931CD7F-235E-4019-BD38-1F8995270FF4','2018-05-07 19:45:04',NULL,NULL),('E6859441-24E6-4A97-B864-ACF7B48D1F80','DORADO CLARO','1','A931CD7F-235E-4019-BD38-1F8995270FF4','2018-05-07 19:40:33',NULL,NULL),('E86CF2FC-834D-40C5-BA4F-08ED057D1893','NEGRO/DORADO','1','A931CD7F-235E-4019-BD38-1F8995270FF4','2018-05-07 19:37:34',NULL,NULL),('EC0A24CD-3A31-4BB3-B5EE-CD87D5A74D4E','MARRON JASPEADO BLANCO','1','A931CD7F-235E-4019-BD38-1F8995270FF4','2018-05-07 19:46:59',NULL,NULL),('EC91F22C-5453-4AB7-86CD-61B30A4C059E','NEGRO CON MANCHAS BLANCAS','1','A931CD7F-235E-4019-BD38-1F8995270FF4','2018-05-07 19:38:33',NULL,NULL),('ECA0D715-457E-41D2-B7BD-00E6F0444434','TRIGO','1','A931CD7F-235E-4019-BD38-1F8995270FF4','2018-05-07 19:39:23',NULL,NULL),('EEAB7EDD-E620-41CF-BB46-4DF4E311BBF1','NEGRO/AMARILLO','1','A931CD7F-235E-4019-BD38-1F8995270FF4','2018-05-07 19:36:59',NULL,NULL),('EED57A9A-B2A3-4F6A-9201-7F42E5004F02','ATIGRADO NEGRO/PLATEADO','1','A931CD7F-235E-4019-BD38-1F8995270FF4','2018-05-07 19:45:54',NULL,NULL),('EFDCB6B4-F4F7-4353-8C68-3CBFFF114144','NEGRO/MARRON/BLANCO','1','A931CD7F-235E-4019-BD38-1F8995270FF4','2018-05-07 19:46:21',NULL,NULL),('F0ABCE68-8ED1-41F9-8A51-7C4B7281BE78','MARRON/NEGRO','1','A931CD7F-235E-4019-BD38-1F8995270FF4','2018-05-07 19:36:21',NULL,NULL),('F451C237-B7BF-419A-991E-DB0CAB92644B','CAFE CLARO','1','A931CD7F-235E-4019-BD38-1F8995270FF4','2018-05-07 19:46:41',NULL,NULL),('F62DA4A6-BE4C-4CF6-9D47-07BAEB999779','NEGRO/MARRON/GRIS','1','A931CD7F-235E-4019-BD38-1F8995270FF4','2018-05-07 19:38:21',NULL,NULL),('F7EB0888-F02C-48A7-8AC7-B0EF47B8DBF4','BLANCO/AMARILLO','1','A931CD7F-235E-4019-BD38-1F8995270FF4','2018-05-07 19:08:22',NULL,NULL),('F8630535-060E-46B5-B879-022445FFDD11','BLANCO/GRIS/BEIGE','1','A931CD7F-235E-4019-BD38-1F8995270FF4','2018-05-07 19:39:53',NULL,NULL),('F896F27F-61B9-4D75-8775-77C2B866E0A8','BLANCO/CANELA','1','A931CD7F-235E-4019-BD38-1F8995270FF4','2018-05-07 19:46:10',NULL,NULL),('FF4C66C7-A0E3-4341-9104-138B9480988B','CARAMELO ','1','A931CD7F-235E-4019-BD38-1F8995270FF4','2018-05-07 19:45:27',NULL,NULL),('FF7E4FF2-C369-4058-B0C3-D9FE2F6E5ABB','BLANCO/PLOMIZO/BEIGE','1','A931CD7F-235E-4019-BD38-1F8995270FF4','2018-05-07 19:42:21',NULL,NULL);

/*Table structure for table `especie` */

DROP TABLE IF EXISTS `especie`;

CREATE TABLE `especie` (
  `ID_ESPECIE` varchar(36) NOT NULL,
  `ESPECIE` varchar(50) DEFAULT NULL,
  `ID_ESTADO` varchar(5) DEFAULT NULL,
  `USERREG` varchar(36) DEFAULT NULL,
  `FECREG` datetime DEFAULT NULL,
  `USERMOD` varchar(36) DEFAULT NULL,
  `FECMOD` datetime DEFAULT NULL,
  PRIMARY KEY (`ID_ESPECIE`)
) ENGINE=InnoDB DEFAULT CHARSET=latin1;

/*Data for the table `especie` */

insert  into `especie`(`ID_ESPECIE`,`ESPECIE`,`ID_ESTADO`,`USERREG`,`FECREG`,`USERMOD`,`FECMOD`) values ('36B41A1E-1C5B-40FF-BA1E-45737E6A933D','Hámsteres','2','A931CD7F-235E-4019-BD38-1F8995270FF4','2018-05-05 15:25:19','A931CD7F-235E-4019-BD38-1F8995270FF4','2018-05-07 22:43:00'),('BF9339EA-5B7E-4920-A49D-3840974F3052','Gato','1','A931CD7F-235E-4019-BD38-1F8995270FF4','2018-05-05 15:35:15','A931CD7F-235E-4019-BD38-1F8995270FF4','2018-05-08 20:23:44'),('C67B755D-90C1-41B3-9D29-A47312BA0C60','Perro','1','A931CD7F-235E-4019-BD38-1F8995270FF4','2018-05-05 15:33:05','A931CD7F-235E-4019-BD38-1F8995270FF4','2018-05-07 00:58:05'),('F09B4DDD-A106-411C-BC53-CE1DEEDFE293','Hurón','2','A931CD7F-235E-4019-BD38-1F8995270FF4','2018-05-05 15:22:07','A931CD7F-235E-4019-BD38-1F8995270FF4','2018-05-07 22:43:02');

/*Table structure for table `estadomascota` */

DROP TABLE IF EXISTS `estadomascota`;

CREATE TABLE `estadomascota` (
  `ID_ESTADOMASCOTA` int(5) NOT NULL AUTO_INCREMENT,
  `ESTADOMASCOTA` varchar(30) DEFAULT NULL,
  `ESTADOMASCOTA_ESTADO` varchar(1) DEFAULT NULL,
  PRIMARY KEY (`ID_ESTADOMASCOTA`)
) ENGINE=InnoDB DEFAULT CHARSET=latin1;

/*Data for the table `estadomascota` */

/*Table structure for table `estados_registro` */

DROP TABLE IF EXISTS `estados_registro`;

CREATE TABLE `estados_registro` (
  `ID_ESTADO_REGISTRO` int(5) NOT NULL AUTO_INCREMENT,
  `TEXTESTADO` varchar(25) DEFAULT NULL,
  `USERREG` varchar(36) DEFAULT NULL,
  `FECREG` datetime DEFAULT NULL,
  `USERMOD` varchar(36) DEFAULT NULL,
  `FECMOD` datetime DEFAULT NULL,
  PRIMARY KEY (`ID_ESTADO_REGISTRO`)
) ENGINE=InnoDB AUTO_INCREMENT=3 DEFAULT CHARSET=latin1;

/*Data for the table `estados_registro` */

insert  into `estados_registro`(`ID_ESTADO_REGISTRO`,`TEXTESTADO`,`USERREG`,`FECREG`,`USERMOD`,`FECMOD`) values (1,'ACTIVO',NULL,NULL,NULL,NULL),(2,'INACTIVO',NULL,NULL,NULL,NULL);

/*Table structure for table `mascota` */

DROP TABLE IF EXISTS `mascota`;

CREATE TABLE `mascota` (
  `ID_MASCOTA` varchar(36) NOT NULL,
  `NOMBRE_MASCOTA` varchar(40) DEFAULT NULL,
  `NACIMIENTO` date DEFAULT NULL,
  `ID_ESPECIE` varchar(36) DEFAULT NULL,
  `ID_RAZA` varchar(36) DEFAULT NULL,
  `ID_COLORMASCOTA` varchar(36) DEFAULT NULL,
  `ID_SEXOMASCOTA` int(5) DEFAULT NULL,
  `SEÑALESPARTICULARES` varchar(500) DEFAULT NULL,
  `ID_ESTADOMASCOTA` int(5) DEFAULT NULL,
  `ID_PERSONA` varchar(36) DEFAULT NULL,
  `USERREG` varchar(36) DEFAULT NULL,
  `FECREG` date DEFAULT NULL,
  `USERMOD` varchar(36) DEFAULT NULL,
  `FECMOD` date DEFAULT NULL,
  `CARACTERISTICAS_PERDIDO` varchar(500) DEFAULT NULL,
  `ID_ESTADO_REGISTRO` int(5) DEFAULT NULL,
  PRIMARY KEY (`ID_MASCOTA`),
  KEY `ID_PERSONA` (`ID_PERSONA`),
  KEY `ID_COLORMASCOTA` (`ID_COLORMASCOTA`),
  KEY `ID_SEXOMASCOTA` (`ID_SEXOMASCOTA`),
  KEY `ID_ESTADOMASCOTA` (`ID_ESTADOMASCOTA`),
  KEY `ID_RAZA` (`ID_RAZA`),
  KEY `ID_ESPECIE` (`ID_ESPECIE`),
  KEY `ID_ESTADO_REGISTRO` (`ID_ESTADO_REGISTRO`),
  CONSTRAINT `mascota_ibfk_10` FOREIGN KEY (`ID_RAZA`) REFERENCES `raza` (`ID_RAZA`),
  CONSTRAINT `mascota_ibfk_11` FOREIGN KEY (`ID_ESPECIE`) REFERENCES `especie` (`ID_ESPECIE`),
  CONSTRAINT `mascota_ibfk_12` FOREIGN KEY (`ID_ESTADO_REGISTRO`) REFERENCES `estados_registro` (`ID_ESTADO_REGISTRO`),
  CONSTRAINT `mascota_ibfk_6` FOREIGN KEY (`ID_PERSONA`) REFERENCES `users` (`ID_PERSONA`),
  CONSTRAINT `mascota_ibfk_7` FOREIGN KEY (`ID_COLORMASCOTA`) REFERENCES `colormascota` (`ID_COLORMASCOTA`),
  CONSTRAINT `mascota_ibfk_8` FOREIGN KEY (`ID_SEXOMASCOTA`) REFERENCES `sexomascota` (`ID_SEXOMASCOTA`),
  CONSTRAINT `mascota_ibfk_9` FOREIGN KEY (`ID_ESTADOMASCOTA`) REFERENCES `estadomascota` (`ID_ESTADOMASCOTA`)
) ENGINE=InnoDB DEFAULT CHARSET=latin1;

/*Data for the table `mascota` */

/*Table structure for table `peligro_raza` */

DROP TABLE IF EXISTS `peligro_raza`;

CREATE TABLE `peligro_raza` (
  `ID_PELIGRORAZA` int(5) NOT NULL AUTO_INCREMENT,
  `TXT_PELIGRORAZA` varchar(30) DEFAULT NULL,
  PRIMARY KEY (`ID_PELIGRORAZA`)
) ENGINE=InnoDB AUTO_INCREMENT=3 DEFAULT CHARSET=latin1;

/*Data for the table `peligro_raza` */

insert  into `peligro_raza`(`ID_PELIGRORAZA`,`TXT_PELIGRORAZA`) values (1,'NO PELIGROSO'),(2,'POTENCIALMENTE PELIGROSO');

/*Table structure for table `perfiles` */

DROP TABLE IF EXISTS `perfiles`;

CREATE TABLE `perfiles` (
  `ID_PERFILE` int(5) NOT NULL AUTO_INCREMENT,
  `NOMBRE_PERFIL` varchar(30) DEFAULT NULL,
  `USERREG` varchar(36) DEFAULT NULL,
  `FECREG` datetime DEFAULT NULL,
  `USERMOD` varchar(36) DEFAULT NULL,
  `FECMOD` datetime DEFAULT NULL,
  `PERFIL_ESTADO` varchar(1) DEFAULT NULL,
  PRIMARY KEY (`ID_PERFILE`)
) ENGINE=InnoDB AUTO_INCREMENT=5 DEFAULT CHARSET=latin1;

/*Data for the table `perfiles` */

insert  into `perfiles`(`ID_PERFILE`,`NOMBRE_PERFIL`,`USERREG`,`FECREG`,`USERMOD`,`FECMOD`,`PERFIL_ESTADO`) values (1,'SUPER_ADMINISTRADOR',NULL,NULL,NULL,NULL,'1'),(2,'ADMINISTRADOR',NULL,NULL,NULL,NULL,'1'),(3,'NEGOCIO',NULL,NULL,NULL,NULL,'1'),(4,'USUARIO',NULL,NULL,NULL,NULL,'1');

/*Table structure for table `raza` */

DROP TABLE IF EXISTS `raza`;

CREATE TABLE `raza` (
  `ID_RAZA` varchar(36) NOT NULL DEFAULT 'UUID()',
  `ID_ESPECIE` varchar(36) DEFAULT NULL,
  `RAZA` varchar(50) DEFAULT NULL,
  `ID_PELIGRORAZA` int(5) DEFAULT NULL,
  `ID_ESTADO_REGISTRO` int(5) DEFAULT NULL,
  `USERREG` varchar(36) DEFAULT NULL,
  `FECREG` datetime DEFAULT NULL,
  `USERMOD` varchar(36) DEFAULT NULL,
  `FECMOD` datetime DEFAULT NULL,
  PRIMARY KEY (`ID_RAZA`),
  KEY `ID_PELIGRORAZA` (`ID_PELIGRORAZA`),
  KEY `ID_ESPECIE` (`ID_ESPECIE`),
  KEY `RAZA_ESTADO` (`ID_ESTADO_REGISTRO`),
  CONSTRAINT `raza_ibfk_1` FOREIGN KEY (`ID_PELIGRORAZA`) REFERENCES `peligro_raza` (`ID_PELIGRORAZA`),
  CONSTRAINT `raza_ibfk_2` FOREIGN KEY (`ID_ESPECIE`) REFERENCES `especie` (`ID_ESPECIE`),
  CONSTRAINT `raza_ibfk_3` FOREIGN KEY (`ID_ESTADO_REGISTRO`) REFERENCES `estados_registro` (`ID_ESTADO_REGISTRO`)
) ENGINE=InnoDB DEFAULT CHARSET=latin1;

/*Data for the table `raza` */

insert  into `raza`(`ID_RAZA`,`ID_ESPECIE`,`RAZA`,`ID_PELIGRORAZA`,`ID_ESTADO_REGISTRO`,`USERREG`,`FECREG`,`USERMOD`,`FECMOD`) values ('45641e3c-5341-11e8-9492-94de800335d0','C67B755D-90C1-41B3-9D29-A47312BA0C60','BICHON MALTES',1,1,'A931CD7F-235E-4019-BD38-1F8995270FF4','2018-05-08 23:27:23',NULL,NULL),('456badf2-5341-11e8-9492-94de800335d0','C67B755D-90C1-41B3-9D29-A47312BA0C60','LOBERO IRLANDES',1,1,'A931CD7F-235E-4019-BD38-1F8995270FF4','2018-05-08 23:27:23',NULL,NULL),('4575b01b-5341-11e8-9492-94de800335d0','C67B755D-90C1-41B3-9D29-A47312BA0C60','PERRO SIN PELO MEXICANO',1,1,'A931CD7F-235E-4019-BD38-1F8995270FF4','2018-05-08 23:27:23',NULL,NULL),('45877f04-5341-11e8-9492-94de800335d0','C67B755D-90C1-41B3-9D29-A47312BA0C60','BRACO WEIMARANER',1,1,'A931CD7F-235E-4019-BD38-1F8995270FF4','2018-05-08 23:27:23',NULL,NULL),('458b3d81-5341-11e8-9492-94de800335d0','C67B755D-90C1-41B3-9D29-A47312BA0C60','COTON DE TULEAR',1,1,'A931CD7F-235E-4019-BD38-1F8995270FF4','2018-05-08 23:27:23',NULL,NULL),('458d54ea-5341-11e8-9492-94de800335d0','C67B755D-90C1-41B3-9D29-A47312BA0C60','DOGO DE BURDEOS',1,1,'A931CD7F-235E-4019-BD38-1F8995270FF4','2018-05-08 23:27:23',NULL,NULL),('458f7d8d-5341-11e8-9492-94de800335d0','BF9339EA-5B7E-4920-A49D-3840974F3052','ABISINIO',1,1,'A931CD7F-235E-4019-BD38-1F8995270FF4','2018-05-08 23:27:23',NULL,NULL),('4597db6b-5341-11e8-9492-94de800335d0','BF9339EA-5B7E-4920-A49D-3840974F3052','APHRODITES GIANTS',1,1,'A931CD7F-235E-4019-BD38-1F8995270FF4','2018-05-08 23:27:24',NULL,NULL),('4599f8bb-5341-11e8-9492-94de800335d0','BF9339EA-5B7E-4920-A49D-3840974F3052','AUSTRALIAN MIST',1,1,'A931CD7F-235E-4019-BD38-1F8995270FF4','2018-05-08 23:27:24',NULL,NULL),('459c1ff4-5341-11e8-9492-94de800335d0','BF9339EA-5B7E-4920-A49D-3840974F3052','AMERICAN CURL',1,1,'A931CD7F-235E-4019-BD38-1F8995270FF4','2018-05-08 23:27:24',NULL,NULL),('459e7371-5341-11e8-9492-94de800335d0','BF9339EA-5B7E-4920-A49D-3840974F3052','AZUL RUSO',1,1,'A931CD7F-235E-4019-BD38-1F8995270FF4','2018-05-08 23:27:24',NULL,NULL),('45a2087d-5341-11e8-9492-94de800335d0','BF9339EA-5B7E-4920-A49D-3840974F3052','AMERICAN SHORTHAIR',1,1,'A931CD7F-235E-4019-BD38-1F8995270FF4','2018-05-08 23:27:24',NULL,NULL),('45a5ba3e-5341-11e8-9492-94de800335d0','BF9339EA-5B7E-4920-A49D-3840974F3052','AMERICAN WIREHAIR',1,1,'A931CD7F-235E-4019-BD38-1F8995270FF4','2018-05-08 23:27:24',NULL,NULL),('45a97b76-5341-11e8-9492-94de800335d0','BF9339EA-5B7E-4920-A49D-3840974F3052','ANGORA TURCO',1,1,'A931CD7F-235E-4019-BD38-1F8995270FF4','2018-05-08 23:27:24',NULL,NULL),('45ab9e41-5341-11e8-9492-94de800335d0','BF9339EA-5B7E-4920-A49D-3840974F3052','AFRICANO DOMÉSTICO',1,1,'A931CD7F-235E-4019-BD38-1F8995270FF4','2018-05-08 23:27:24',NULL,NULL),('45add8f9-5341-11e8-9492-94de800335d0','BF9339EA-5B7E-4920-A49D-3840974F3052','BENGALA',1,1,'A931CD7F-235E-4019-BD38-1F8995270FF4','2018-05-08 23:27:24',NULL,NULL),('45afed5e-5341-11e8-9492-94de800335d0','BF9339EA-5B7E-4920-A49D-3840974F3052','BOBTAIL JAPONÉS',1,1,'A931CD7F-235E-4019-BD38-1F8995270FF4','2018-05-08 23:27:24',NULL,NULL),('45b20a78-5341-11e8-9492-94de800335d0','BF9339EA-5B7E-4920-A49D-3840974F3052','BOMBAY',1,1,'A931CD7F-235E-4019-BD38-1F8995270FF4','2018-05-08 23:27:24',NULL,NULL),('45b44d84-5341-11e8-9492-94de800335d0','BF9339EA-5B7E-4920-A49D-3840974F3052','BOSQUE DE NORUEGA',1,1,'A931CD7F-235E-4019-BD38-1F8995270FF4','2018-05-08 23:27:24',NULL,NULL),('45b66ac0-5341-11e8-9492-94de800335d0','BF9339EA-5B7E-4920-A49D-3840974F3052','BRAZILIAN SHORTHAIR',1,1,'A931CD7F-235E-4019-BD38-1F8995270FF4','2018-05-08 23:27:24',NULL,NULL),('45c0355b-5341-11e8-9492-94de800335d0','BF9339EA-5B7E-4920-A49D-3840974F3052','BRIVON DE PELO CORTO',1,1,'A931CD7F-235E-4019-BD38-1F8995270FF4','2018-05-08 23:27:24',NULL,NULL),('45c27c4c-5341-11e8-9492-94de800335d0','BF9339EA-5B7E-4920-A49D-3840974F3052','BRIVON DE PELO LARGO',1,1,'A931CD7F-235E-4019-BD38-1F8995270FF4','2018-05-08 23:27:24',NULL,NULL),('45c4a418-5341-11e8-9492-94de800335d0','BF9339EA-5B7E-4920-A49D-3840974F3052','BRITISH SHORTHAIR',1,1,'A931CD7F-235E-4019-BD38-1F8995270FF4','2018-05-08 23:27:24',NULL,NULL),('45c6df94-5341-11e8-9492-94de800335d0','BF9339EA-5B7E-4920-A49D-3840974F3052','BURMÉS',1,1,'A931CD7F-235E-4019-BD38-1F8995270FF4','2018-05-08 23:27:24',NULL,NULL),('45c8ffb2-5341-11e8-9492-94de800335d0','BF9339EA-5B7E-4920-A49D-3840974F3052','BURMILLA',1,1,'A931CD7F-235E-4019-BD38-1F8995270FF4','2018-05-08 23:27:24',NULL,NULL),('45cb183c-5341-11e8-9492-94de800335d0','BF9339EA-5B7E-4920-A49D-3840974F3052','CORNISH REXX',1,1,'A931CD7F-235E-4019-BD38-1F8995270FF4','2018-05-08 23:27:24',NULL,NULL),('45cd6379-5341-11e8-9492-94de800335d0','BF9339EA-5B7E-4920-A49D-3840974F3052','CALIFORNIA SPANGLED',1,1,'A931CD7F-235E-4019-BD38-1F8995270FF4','2018-05-08 23:27:24',NULL,NULL),('45d11972-5341-11e8-9492-94de800335d0','BF9339EA-5B7E-4920-A49D-3840974F3052','CEYLON',1,1,'A931CD7F-235E-4019-BD38-1F8995270FF4','2018-05-08 23:27:24',NULL,NULL),('45d4a053-5341-11e8-9492-94de800335d0','BF9339EA-5B7E-4920-A49D-3840974F3052','CYMRIC',1,1,'A931CD7F-235E-4019-BD38-1F8995270FF4','2018-05-08 23:27:24',NULL,NULL),('45d87c43-5341-11e8-9492-94de800335d0','BF9339EA-5B7E-4920-A49D-3840974F3052','CHARTREUX',1,1,'A931CD7F-235E-4019-BD38-1F8995270FF4','2018-05-08 23:27:24',NULL,NULL),('45dc1347-5341-11e8-9492-94de800335d0','BF9339EA-5B7E-4920-A49D-3840974F3052','DEUTSCH LANGHAAR',1,1,'A931CD7F-235E-4019-BD38-1F8995270FF4','2018-05-08 23:27:24',NULL,NULL),('45de356b-5341-11e8-9492-94de800335d0','BF9339EA-5B7E-4920-A49D-3840974F3052','DEVON REX',1,1,'A931CD7F-235E-4019-BD38-1F8995270FF4','2018-05-08 23:27:24',NULL,NULL),('45e08a3a-5341-11e8-9492-94de800335d0','BF9339EA-5B7E-4920-A49D-3840974F3052','DORADO AFRICANO',1,1,'A931CD7F-235E-4019-BD38-1F8995270FF4','2018-05-08 23:27:24',NULL,NULL),('45e29011-5341-11e8-9492-94de800335d0','BF9339EA-5B7E-4920-A49D-3840974F3052','DON SPHYNX',1,1,'A931CD7F-235E-4019-BD38-1F8995270FF4','2018-05-08 23:27:24',NULL,NULL),('45e4d1da-5341-11e8-9492-94de800335d0','BF9339EA-5B7E-4920-A49D-3840974F3052','DRAGON LI',1,1,'A931CD7F-235E-4019-BD38-1F8995270FF4','2018-05-08 23:27:24',NULL,NULL),('45e6fdb7-5341-11e8-9492-94de800335d0','BF9339EA-5B7E-4920-A49D-3840974F3052','EUROPEO COMÚN',1,1,'A931CD7F-235E-4019-BD38-1F8995270FF4','2018-05-08 23:27:24',NULL,NULL),('45e9159f-5341-11e8-9492-94de800335d0','BF9339EA-5B7E-4920-A49D-3840974F3052','EXÓTICO DE PELO CORTO (EXOTIC SHORTHAIR PERSIAN)',1,1,'A931CD7F-235E-4019-BD38-1F8995270FF4','2018-05-08 23:27:24',NULL,NULL),('45eb4cca-5341-11e8-9492-94de800335d0','BF9339EA-5B7E-4920-A49D-3840974F3052','FOLDEX (EXÓTICO DE OREJAS DOBLADAS )',1,1,'A931CD7F-235E-4019-BD38-1F8995270FF4','2018-05-08 23:27:24',NULL,NULL),('45ed722e-5341-11e8-9492-94de800335d0','BF9339EA-5B7E-4920-A49D-3840974F3052','GERMAN REX',1,1,'A931CD7F-235E-4019-BD38-1F8995270FF4','2018-05-08 23:27:24',NULL,NULL),('45f11780-5341-11e8-9492-94de800335d0','BF9339EA-5B7E-4920-A49D-3840974F3052','HABANA BROWN',1,1,'A931CD7F-235E-4019-BD38-1F8995270FF4','2018-05-08 23:27:24',NULL,NULL),('45f35627-5341-11e8-9492-94de800335d0','BF9339EA-5B7E-4920-A49D-3840974F3052','HIMALAYO',1,1,'A931CD7F-235E-4019-BD38-1F8995270FF4','2018-05-08 23:27:24',NULL,NULL),('45f57816-5341-11e8-9492-94de800335d0','BF9339EA-5B7E-4920-A49D-3840974F3052','KORAT',1,1,'A931CD7F-235E-4019-BD38-1F8995270FF4','2018-05-08 23:27:24',NULL,NULL),('45f94cbb-5341-11e8-9492-94de800335d0','BF9339EA-5B7E-4920-A49D-3840974F3052','KHAO MANEE',1,1,'A931CD7F-235E-4019-BD38-1F8995270FF4','2018-05-08 23:27:24',NULL,NULL),('45fce653-5341-11e8-9492-94de800335d0','BF9339EA-5B7E-4920-A49D-3840974F3052','MAINE COON',1,1,'A931CD7F-235E-4019-BD38-1F8995270FF4','2018-05-08 23:27:24',NULL,NULL),('45ff0be7-5341-11e8-9492-94de800335d0','BF9339EA-5B7E-4920-A49D-3840974F3052','MANX',1,1,'A931CD7F-235E-4019-BD38-1F8995270FF4','2018-05-08 23:27:24',NULL,NULL),('46014553-5341-11e8-9492-94de800335d0','BF9339EA-5B7E-4920-A49D-3840974F3052','MAU EGIPCIO',1,1,'A931CD7F-235E-4019-BD38-1F8995270FF4','2018-05-08 23:27:24',NULL,NULL),('46036823-5341-11e8-9492-94de800335d0','BF9339EA-5B7E-4920-A49D-3840974F3052','MUNCHKIN',1,1,'A931CD7F-235E-4019-BD38-1F8995270FF4','2018-05-08 23:27:24',NULL,NULL),('46058cc3-5341-11e8-9492-94de800335d0','BF9339EA-5B7E-4920-A49D-3840974F3052','OCICAT',1,1,'A931CD7F-235E-4019-BD38-1F8995270FF4','2018-05-08 23:27:24',NULL,NULL),('46094e67-5341-11e8-9492-94de800335d0','BF9339EA-5B7E-4920-A49D-3840974F3052','GATO ORIENTAL',1,1,'A931CD7F-235E-4019-BD38-1F8995270FF4','2018-05-08 23:27:24',NULL,NULL),('460b6398-5341-11e8-9492-94de800335d0','BF9339EA-5B7E-4920-A49D-3840974F3052','ORIENTAL DE PELO LARGO',1,1,'A931CD7F-235E-4019-BD38-1F8995270FF4','2018-05-08 23:27:24',NULL,NULL),('460d8766-5341-11e8-9492-94de800335d0','BF9339EA-5B7E-4920-A49D-3840974F3052','OJOS AZULES',1,1,'A931CD7F-235E-4019-BD38-1F8995270FF4','2018-05-08 23:27:24',NULL,NULL),('460fdc26-5341-11e8-9492-94de800335d0','BF9339EA-5B7E-4920-A49D-3840974F3052','PERFOLD (PERSA DE OREJAS DOBLADAS)',1,1,'A931CD7F-235E-4019-BD38-1F8995270FF4','2018-05-08 23:27:24',NULL,NULL),('46137916-5341-11e8-9492-94de800335d0','BF9339EA-5B7E-4920-A49D-3840974F3052','PERSA AMERICANO O MODERNO (MODERN PERSIAN CAT)',1,1,'A931CD7F-235E-4019-BD38-1F8995270FF4','2018-05-08 23:27:24',NULL,NULL),('461750b0-5341-11e8-9492-94de800335d0','BF9339EA-5B7E-4920-A49D-3840974F3052','PERSA CLÁSICO O TRADICIONAL',1,1,'A931CD7F-235E-4019-BD38-1F8995270FF4','2018-05-08 23:27:24',NULL,NULL),('461afcd8-5341-11e8-9492-94de800335d0','BF9339EA-5B7E-4920-A49D-3840974F3052','PETERBALD',1,1,'A931CD7F-235E-4019-BD38-1F8995270FF4','2018-05-08 23:27:24',NULL,NULL),('461e8cc2-5341-11e8-9492-94de800335d0','BF9339EA-5B7E-4920-A49D-3840974F3052','PIXIE BOB',1,1,'A931CD7F-235E-4019-BD38-1F8995270FF4','2018-05-08 23:27:24',NULL,NULL),('4620cd30-5341-11e8-9492-94de800335d0','BF9339EA-5B7E-4920-A49D-3840974F3052','RAGDOLL',1,1,'A931CD7F-235E-4019-BD38-1F8995270FF4','2018-05-08 23:27:24',NULL,NULL),('4622df53-5341-11e8-9492-94de800335d0','BF9339EA-5B7E-4920-A49D-3840974F3052','SAGRADO DE BIRMANIA',1,1,'A931CD7F-235E-4019-BD38-1F8995270FF4','2018-05-08 23:27:24',NULL,NULL),('4625118c-5341-11e8-9492-94de800335d0','BF9339EA-5B7E-4920-A49D-3840974F3052','SCOTTISH FOLD',1,1,'A931CD7F-235E-4019-BD38-1F8995270FF4','2018-05-08 23:27:24',NULL,NULL),('462767ce-5341-11e8-9492-94de800335d0','BF9339EA-5B7E-4920-A49D-3840974F3052','SELKIRK REX',1,1,'A931CD7F-235E-4019-BD38-1F8995270FF4','2018-05-08 23:27:24',NULL,NULL),('462aee13-5341-11e8-9492-94de800335d0','BF9339EA-5B7E-4920-A49D-3840974F3052','SERENGETI',1,1,'A931CD7F-235E-4019-BD38-1F8995270FF4','2018-05-08 23:27:24',NULL,NULL),('4634e59e-5341-11e8-9492-94de800335d0','BF9339EA-5B7E-4920-A49D-3840974F3052','SEYCHELLOIS',1,1,'A931CD7F-235E-4019-BD38-1F8995270FF4','2018-05-08 23:27:25',NULL,NULL),('46370d7d-5341-11e8-9492-94de800335d0','BF9339EA-5B7E-4920-A49D-3840974F3052','SIAMÉS',1,1,'A931CD7F-235E-4019-BD38-1F8995270FF4','2018-05-08 23:27:25',NULL,NULL),('46391f79-5341-11e8-9492-94de800335d0','BF9339EA-5B7E-4920-A49D-3840974F3052','SIAMÉS MODERNO',1,1,'A931CD7F-235E-4019-BD38-1F8995270FF4','2018-05-08 23:27:25',NULL,NULL),('463d0dd7-5341-11e8-9492-94de800335d0','BF9339EA-5B7E-4920-A49D-3840974F3052','SIAMÉS TRADICIONAL',1,1,'A931CD7F-235E-4019-BD38-1F8995270FF4','2018-05-08 23:27:25',NULL,NULL),('46409403-5341-11e8-9492-94de800335d0','BF9339EA-5B7E-4920-A49D-3840974F3052','GATO SIBERIANO',1,1,'A931CD7F-235E-4019-BD38-1F8995270FF4','2018-05-08 23:27:25',NULL,NULL),('4642b8b7-5341-11e8-9492-94de800335d0','BF9339EA-5B7E-4920-A49D-3840974F3052','SNOWSHOE',1,1,'A931CD7F-235E-4019-BD38-1F8995270FF4','2018-05-08 23:27:25',NULL,NULL),('46467507-5341-11e8-9492-94de800335d0','BF9339EA-5B7E-4920-A49D-3840974F3052','SPHYNX',1,1,'A931CD7F-235E-4019-BD38-1F8995270FF4','2018-05-08 23:27:25',NULL,NULL),('46489329-5341-11e8-9492-94de800335d0','BF9339EA-5B7E-4920-A49D-3840974F3052','TONKINÉS',1,1,'A931CD7F-235E-4019-BD38-1F8995270FF4','2018-05-08 23:27:25',NULL,NULL),('464ab8d1-5341-11e8-9492-94de800335d0','BF9339EA-5B7E-4920-A49D-3840974F3052','VAN TURCO',1,1,'A931CD7F-235E-4019-BD38-1F8995270FF4','2018-05-08 23:27:25',NULL,NULL),('464cf479-5341-11e8-9492-94de800335d0','C67B755D-90C1-41B3-9D29-A47312BA0C60','PASTOR HOLANDÈS',1,1,'A931CD7F-235E-4019-BD38-1F8995270FF4','2018-05-08 23:27:25',NULL,NULL),('464f156e-5341-11e8-9492-94de800335d0','C67B755D-90C1-41B3-9D29-A47312BA0C60','PASTOR BELGA MALINOIS',1,1,'A931CD7F-235E-4019-BD38-1F8995270FF4','2018-05-08 23:27:25',NULL,NULL),('4652fc41-5341-11e8-9492-94de800335d0','C67B755D-90C1-41B3-9D29-A47312BA0C60','RAT TERRIER',1,1,'A931CD7F-235E-4019-BD38-1F8995270FF4','2018-05-08 23:27:25',NULL,NULL),('46568fe3-5341-11e8-9492-94de800335d0','C67B755D-90C1-41B3-9D29-A47312BA0C60','PETIT BASSET GRIFFON VENDEEN',1,1,'A931CD7F-235E-4019-BD38-1F8995270FF4','2018-05-08 23:27:25',NULL,NULL),('46589f82-5341-11e8-9492-94de800335d0','C67B755D-90C1-41B3-9D29-A47312BA0C60','RED NOSE',1,1,'A931CD7F-235E-4019-BD38-1F8995270FF4','2018-05-08 23:27:25',NULL,NULL),('465aef72-5341-11e8-9492-94de800335d0','C67B755D-90C1-41B3-9D29-A47312BA0C60','FOX PAULISTINHA',1,1,'A931CD7F-235E-4019-BD38-1F8995270FF4','2018-05-08 23:27:25',NULL,NULL),('465e8da4-5341-11e8-9492-94de800335d0','C67B755D-90C1-41B3-9D29-A47312BA0C60','AMERICAN BULLY',2,1,'A931CD7F-235E-4019-BD38-1F8995270FF4','2018-05-08 23:27:25',NULL,NULL),('4660b67c-5341-11e8-9492-94de800335d0','C67B755D-90C1-41B3-9D29-A47312BA0C60','PRESA CANARIO',1,1,'A931CD7F-235E-4019-BD38-1F8995270FF4','2018-05-08 23:27:25',NULL,NULL),('46647af4-5341-11e8-9492-94de800335d0','C67B755D-90C1-41B3-9D29-A47312BA0C60','LOBO ITALIANO',1,1,'A931CD7F-235E-4019-BD38-1F8995270FF4','2018-05-08 23:27:25',NULL,NULL),('46669472-5341-11e8-9492-94de800335d0','C67B755D-90C1-41B3-9D29-A47312BA0C60','PAPILLON',1,1,'A931CD7F-235E-4019-BD38-1F8995270FF4','2018-05-08 23:27:25',NULL,NULL),('4668d645-5341-11e8-9492-94de800335d0','C67B755D-90C1-41B3-9D29-A47312BA0C60','WEST HIGHLAND WHITE TERRIER',1,1,'A931CD7F-235E-4019-BD38-1F8995270FF4','2018-05-08 23:27:25',NULL,NULL),('466af0f2-5341-11e8-9492-94de800335d0','C67B755D-90C1-41B3-9D29-A47312BA0C60','CHOW CHOW',1,1,'A931CD7F-235E-4019-BD38-1F8995270FF4','2018-05-08 23:27:25',NULL,NULL),('466d1244-5341-11e8-9492-94de800335d0','C67B755D-90C1-41B3-9D29-A47312BA0C60','OVEJERO INGLES (BOBTAIL)',1,1,'A931CD7F-235E-4019-BD38-1F8995270FF4','2018-05-08 23:27:25',NULL,NULL),('466f4fe8-5341-11e8-9492-94de800335d0','C67B755D-90C1-41B3-9D29-A47312BA0C60','BRETON ESPAÑOL',1,1,'A931CD7F-235E-4019-BD38-1F8995270FF4','2018-05-08 23:27:25',NULL,NULL),('4672fb26-5341-11e8-9492-94de800335d0','C67B755D-90C1-41B3-9D29-A47312BA0C60','PUG',1,1,'A931CD7F-235E-4019-BD38-1F8995270FF4','2018-05-08 23:27:25',NULL,NULL),('4676b0e9-5341-11e8-9492-94de800335d0','C67B755D-90C1-41B3-9D29-A47312BA0C60','SETTER INGLES',1,1,'A931CD7F-235E-4019-BD38-1F8995270FF4','2018-05-08 23:27:25',NULL,NULL),('467a6099-5341-11e8-9492-94de800335d0','C67B755D-90C1-41B3-9D29-A47312BA0C60','MASTIN INGLES',1,1,'A931CD7F-235E-4019-BD38-1F8995270FF4','2018-05-08 23:27:25',NULL,NULL),('467e1e36-5341-11e8-9492-94de800335d0','C67B755D-90C1-41B3-9D29-A47312BA0C60','TOSA JAPONES',2,1,'A931CD7F-235E-4019-BD38-1F8995270FF4','2018-05-08 23:27:25',NULL,NULL),('468026c3-5341-11e8-9492-94de800335d0','C67B755D-90C1-41B3-9D29-A47312BA0C60','COCKER SPANIEL INGLES',1,1,'A931CD7F-235E-4019-BD38-1F8995270FF4','2018-05-08 23:27:25',NULL,NULL),('468270cd-5341-11e8-9492-94de800335d0','C67B755D-90C1-41B3-9D29-A47312BA0C60','COCKER SPANIEL AMERICANO',1,1,'A931CD7F-235E-4019-BD38-1F8995270FF4','2018-05-08 23:27:25',NULL,NULL),('4684821e-5341-11e8-9492-94de800335d0','C67B755D-90C1-41B3-9D29-A47312BA0C60','PINSCHER',1,1,'A931CD7F-235E-4019-BD38-1F8995270FF4','2018-05-08 23:27:25',NULL,NULL),('468e9894-5341-11e8-9492-94de800335d0','C67B755D-90C1-41B3-9D29-A47312BA0C60','POODLE TOY',1,1,'A931CD7F-235E-4019-BD38-1F8995270FF4','2018-05-08 23:27:25',NULL,NULL),('46923df9-5341-11e8-9492-94de800335d0','C67B755D-90C1-41B3-9D29-A47312BA0C60','DACHSHUND PELO DURO',1,1,'A931CD7F-235E-4019-BD38-1F8995270FF4','2018-05-08 23:27:25',NULL,NULL),('4695ccaf-5341-11e8-9492-94de800335d0','C67B755D-90C1-41B3-9D29-A47312BA0C60','AMERICAN PITBULL TERRIER',2,1,'A931CD7F-235E-4019-BD38-1F8995270FF4','2018-05-08 23:27:25',NULL,NULL),('469818db-5341-11e8-9492-94de800335d0','C67B755D-90C1-41B3-9D29-A47312BA0C60','AMERICAN STAFFORDSHIRE TERRIER',2,1,'A931CD7F-235E-4019-BD38-1F8995270FF4','2018-05-08 23:27:25',NULL,NULL),('469a3ae3-5341-11e8-9492-94de800335d0','C67B755D-90C1-41B3-9D29-A47312BA0C60','YORKSHIRE TERRIER TOY',1,1,'A931CD7F-235E-4019-BD38-1F8995270FF4','2018-05-08 23:27:25',NULL,NULL),('469dca39-5341-11e8-9492-94de800335d0','C67B755D-90C1-41B3-9D29-A47312BA0C60','BEAGLE',1,1,'A931CD7F-235E-4019-BD38-1F8995270FF4','2018-05-08 23:27:25',NULL,NULL),('46a01c26-5341-11e8-9492-94de800335d0','C67B755D-90C1-41B3-9D29-A47312BA0C60','AIREDALE TERRIER',1,1,'A931CD7F-235E-4019-BD38-1F8995270FF4','2018-05-08 23:27:25',NULL,NULL),('46a2310e-5341-11e8-9492-94de800335d0','C67B755D-90C1-41B3-9D29-A47312BA0C60','STAFFORSHIRE',1,1,'A931CD7F-235E-4019-BD38-1F8995270FF4','2018-05-08 23:27:25',NULL,NULL),('46ac2930-5341-11e8-9492-94de800335d0','C67B755D-90C1-41B3-9D29-A47312BA0C60','POINTER INGLES',1,1,'A931CD7F-235E-4019-BD38-1F8995270FF4','2018-05-08 23:27:25',NULL,NULL),('46afdad4-5341-11e8-9492-94de800335d0','C67B755D-90C1-41B3-9D29-A47312BA0C60','AFFENPINSCHER',1,1,'A931CD7F-235E-4019-BD38-1F8995270FF4','2018-05-08 23:27:25',NULL,NULL),('46b371bf-5341-11e8-9492-94de800335d0','C67B755D-90C1-41B3-9D29-A47312BA0C60','ALASKA MALAMUTE',1,1,'A931CD7F-235E-4019-BD38-1F8995270FF4','2018-05-08 23:27:25',NULL,NULL),('46b5b720-5341-11e8-9492-94de800335d0','C67B755D-90C1-41B3-9D29-A47312BA0C60','BARBET',1,1,'A931CD7F-235E-4019-BD38-1F8995270FF4','2018-05-08 23:27:25',NULL,NULL),('46b7d5c5-5341-11e8-9492-94de800335d0','C67B755D-90C1-41B3-9D29-A47312BA0C60','BASENJI',1,1,'A931CD7F-235E-4019-BD38-1F8995270FF4','2018-05-08 23:27:25',NULL,NULL),('46b9ecbe-5341-11e8-9492-94de800335d0','C67B755D-90C1-41B3-9D29-A47312BA0C60','BASSET GRIFON VENDEANO',1,1,'A931CD7F-235E-4019-BD38-1F8995270FF4','2018-05-08 23:27:25',NULL,NULL),('46bc3b9c-5341-11e8-9492-94de800335d0','C67B755D-90C1-41B3-9D29-A47312BA0C60','BEARDED COLLIE',1,1,'A931CD7F-235E-4019-BD38-1F8995270FF4','2018-05-08 23:27:25',NULL,NULL),('46bfd770-5341-11e8-9492-94de800335d0','C67B755D-90C1-41B3-9D29-A47312BA0C60','BOYERO DE BERNA',1,1,'A931CD7F-235E-4019-BD38-1F8995270FF4','2018-05-08 23:27:25',NULL,NULL),('46c1fb21-5341-11e8-9492-94de800335d0','C67B755D-90C1-41B3-9D29-A47312BA0C60','BOYERO DE FLANDEAS',1,1,'A931CD7F-235E-4019-BD38-1F8995270FF4','2018-05-08 23:27:25',NULL,NULL),('46c443d9-5341-11e8-9492-94de800335d0','C67B755D-90C1-41B3-9D29-A47312BA0C60','BRACO ALEMAN DE PELO CORTO',1,1,'A931CD7F-235E-4019-BD38-1F8995270FF4','2018-05-08 23:27:26',NULL,NULL),('46c6585f-5341-11e8-9492-94de800335d0','C67B755D-90C1-41B3-9D29-A47312BA0C60','BRACO ALEMAN DE PELO DURO',1,1,'A931CD7F-235E-4019-BD38-1F8995270FF4','2018-05-08 23:27:26',NULL,NULL),('46c89bf4-5341-11e8-9492-94de800335d0','C67B755D-90C1-41B3-9D29-A47312BA0C60','BRACO DE SAINT GERMAIN',1,1,'A931CD7F-235E-4019-BD38-1F8995270FF4','2018-05-08 23:27:26',NULL,NULL),('46cab417-5341-11e8-9492-94de800335d0','C67B755D-90C1-41B3-9D29-A47312BA0C60','BRACO FRANCES TIPO GASCUÑA',1,1,'A931CD7F-235E-4019-BD38-1F8995270FF4','2018-05-08 23:27:26',NULL,NULL),('46cccda3-5341-11e8-9492-94de800335d0','C67B755D-90C1-41B3-9D29-A47312BA0C60','BRACO WIRE ALEMAN',1,1,'A931CD7F-235E-4019-BD38-1F8995270FF4','2018-05-08 23:27:26',NULL,NULL),('46cf1237-5341-11e8-9492-94de800335d0','C67B755D-90C1-41B3-9D29-A47312BA0C60','BRETON SPAGNUEL',1,1,'A931CD7F-235E-4019-BD38-1F8995270FF4','2018-05-08 23:27:26',NULL,NULL),('46d2c4e2-5341-11e8-9492-94de800335d0','C67B755D-90C1-41B3-9D29-A47312BA0C60','BRIQUET GRIFON',1,1,'A931CD7F-235E-4019-BD38-1F8995270FF4','2018-05-08 23:27:26','A931CD7F-235E-4019-BD38-1F8995270FF4','2018-05-09 00:22:04'),('46d6830c-5341-11e8-9492-94de800335d0','C67B755D-90C1-41B3-9D29-A47312BA0C60','BULLMASTIFF',1,1,'A931CD7F-235E-4019-BD38-1F8995270FF4','2018-05-08 23:27:26',NULL,NULL),('46da2bb5-5341-11e8-9492-94de800335d0','C67B755D-90C1-41B3-9D29-A47312BA0C60','COLLIE DE PELO DURO',1,1,'A931CD7F-235E-4019-BD38-1F8995270FF4','2018-05-08 23:27:26',NULL,NULL),('46e40934-5341-11e8-9492-94de800335d0','C67B755D-90C1-41B3-9D29-A47312BA0C60','CA DE BOU',1,1,'A931CD7F-235E-4019-BD38-1F8995270FF4','2018-05-08 23:27:26',NULL,NULL),('46e7d375-5341-11e8-9492-94de800335d0','C67B755D-90C1-41B3-9D29-A47312BA0C60','CANE CORSO',1,1,'A931CD7F-235E-4019-BD38-1F8995270FF4','2018-05-08 23:27:26',NULL,NULL),('46eb8c8a-5341-11e8-9492-94de800335d0','C67B755D-90C1-41B3-9D29-A47312BA0C60','GALGO ENANO',1,1,'A931CD7F-235E-4019-BD38-1F8995270FF4','2018-05-08 23:27:26',NULL,NULL),('46ef17c6-5341-11e8-9492-94de800335d0','C67B755D-90C1-41B3-9D29-A47312BA0C60','SAN BERNARDO',1,1,'A931CD7F-235E-4019-BD38-1F8995270FF4','2018-05-08 23:27:26',NULL,NULL),('46f16a71-5341-11e8-9492-94de800335d0','C67B755D-90C1-41B3-9D29-A47312BA0C60','SHIBA INU',1,1,'A931CD7F-235E-4019-BD38-1F8995270FF4','2018-05-08 23:27:26',NULL,NULL),('46f37463-5341-11e8-9492-94de800335d0','C67B755D-90C1-41B3-9D29-A47312BA0C60','SETTER IRLANDES',1,1,'A931CD7F-235E-4019-BD38-1F8995270FF4','2018-05-08 23:27:26',NULL,NULL),('46f5ad50-5341-11e8-9492-94de800335d0','C67B755D-90C1-41B3-9D29-A47312BA0C60','GRAN PERRO JAPONES',1,1,'A931CD7F-235E-4019-BD38-1F8995270FF4','2018-05-08 23:27:26',NULL,NULL),('46f96652-5341-11e8-9492-94de800335d0','C67B755D-90C1-41B3-9D29-A47312BA0C60','ENGLISH SPRINGER SPANIEL',1,1,'A931CD7F-235E-4019-BD38-1F8995270FF4','2018-05-08 23:27:26',NULL,NULL),('46fb7e70-5341-11e8-9492-94de800335d0','C67B755D-90C1-41B3-9D29-A47312BA0C60','WHIPPET',1,1,'A931CD7F-235E-4019-BD38-1F8995270FF4','2018-05-08 23:27:26',NULL,NULL),('46fd9ca1-5341-11e8-9492-94de800335d0','C67B755D-90C1-41B3-9D29-A47312BA0C60','YORKSHIRE TERRIER',1,1,'A931CD7F-235E-4019-BD38-1F8995270FF4','2018-05-08 23:27:26',NULL,NULL),('46fffa51-5341-11e8-9492-94de800335d0','C67B755D-90C1-41B3-9D29-A47312BA0C60','PASTOR ALEMAN',1,1,'A931CD7F-235E-4019-BD38-1F8995270FF4','2018-05-08 23:27:26',NULL,NULL),('47037c49-5341-11e8-9492-94de800335d0','C67B755D-90C1-41B3-9D29-A47312BA0C60','PEKINES',1,1,'A931CD7F-235E-4019-BD38-1F8995270FF4','2018-05-08 23:27:26',NULL,NULL),('470d7a8d-5341-11e8-9492-94de800335d0','C67B755D-90C1-41B3-9D29-A47312BA0C60','SAMOYEDO',1,1,'A931CD7F-235E-4019-BD38-1F8995270FF4','2018-05-08 23:27:26',NULL,NULL),('470f9907-5341-11e8-9492-94de800335d0','C67B755D-90C1-41B3-9D29-A47312BA0C60','BULLDOG',1,1,'A931CD7F-235E-4019-BD38-1F8995270FF4','2018-05-08 23:27:26',NULL,NULL),('4711d323-5341-11e8-9492-94de800335d0','C67B755D-90C1-41B3-9D29-A47312BA0C60','BULLDOG FRANCES',1,1,'A931CD7F-235E-4019-BD38-1F8995270FF4','2018-05-08 23:27:26',NULL,NULL),('47157c8b-5341-11e8-9492-94de800335d0','C67B755D-90C1-41B3-9D29-A47312BA0C60','BULLDOG INGLES',1,1,'A931CD7F-235E-4019-BD38-1F8995270FF4','2018-05-08 23:27:26',NULL,NULL),('4717a57c-5341-11e8-9492-94de800335d0','C67B755D-90C1-41B3-9D29-A47312BA0C60','PERRO SIN PELO DEL PERU',1,1,'A931CD7F-235E-4019-BD38-1F8995270FF4','2018-05-08 23:27:26',NULL,NULL),('4719bbc9-5341-11e8-9492-94de800335d0','C67B755D-90C1-41B3-9D29-A47312BA0C60','GOS D\'ATURA',1,1,'A931CD7F-235E-4019-BD38-1F8995270FF4','2018-05-08 23:27:26',NULL,NULL),('471c3eb1-5341-11e8-9492-94de800335d0','C67B755D-90C1-41B3-9D29-A47312BA0C60','GRIFON DE BRUSELAS',1,1,'A931CD7F-235E-4019-BD38-1F8995270FF4','2018-05-08 23:27:26',NULL,NULL),('4721f8b6-5341-11e8-9492-94de800335d0','C67B755D-90C1-41B3-9D29-A47312BA0C60','NORFOLK TERRIER',1,1,'A931CD7F-235E-4019-BD38-1F8995270FF4','2018-05-08 23:27:26',NULL,NULL),('47262962-5341-11e8-9492-94de800335d0','C67B755D-90C1-41B3-9D29-A47312BA0C60','PERRO DE AGUA ESPAÑOL',1,1,'A931CD7F-235E-4019-BD38-1F8995270FF4','2018-05-08 23:27:26',NULL,NULL),('47286916-5341-11e8-9492-94de800335d0','C67B755D-90C1-41B3-9D29-A47312BA0C60','CRESTADO CHINO',1,1,'A931CD7F-235E-4019-BD38-1F8995270FF4','2018-05-08 23:27:26',NULL,NULL),('472a8e49-5341-11e8-9492-94de800335d0','C67B755D-90C1-41B3-9D29-A47312BA0C60','POINTER',1,1,'A931CD7F-235E-4019-BD38-1F8995270FF4','2018-05-08 23:27:26',NULL,NULL),('472e2852-5341-11e8-9492-94de800335d0','C67B755D-90C1-41B3-9D29-A47312BA0C60','POMERANIA',1,1,'A931CD7F-235E-4019-BD38-1F8995270FF4','2018-05-08 23:27:26',NULL,NULL),('47305e13-5341-11e8-9492-94de800335d0','C67B755D-90C1-41B3-9D29-A47312BA0C60','ROTTWEILER',2,1,'A931CD7F-235E-4019-BD38-1F8995270FF4','2018-05-08 23:27:26',NULL,NULL),('47340ff1-5341-11e8-9492-94de800335d0','C67B755D-90C1-41B3-9D29-A47312BA0C60','SHIH TZU',1,1,'A931CD7F-235E-4019-BD38-1F8995270FF4','2018-05-08 23:27:26',NULL,NULL),('4736331d-5341-11e8-9492-94de800335d0','C67B755D-90C1-41B3-9D29-A47312BA0C60','STAFFORSHIRE BULL TERRIER',1,1,'A931CD7F-235E-4019-BD38-1F8995270FF4','2018-05-08 23:27:26',NULL,NULL),('47387115-5341-11e8-9492-94de800335d0','C67B755D-90C1-41B3-9D29-A47312BA0C60','WEIMARANER',1,1,'A931CD7F-235E-4019-BD38-1F8995270FF4','2018-05-08 23:27:26',NULL,NULL),('473a82c8-5341-11e8-9492-94de800335d0','C67B755D-90C1-41B3-9D29-A47312BA0C60','DOBERMAN',2,1,'A931CD7F-235E-4019-BD38-1F8995270FF4','2018-05-08 23:27:26',NULL,NULL),('473cd212-5341-11e8-9492-94de800335d0','C67B755D-90C1-41B3-9D29-A47312BA0C60','AFGANO',1,1,'A931CD7F-235E-4019-BD38-1F8995270FF4','2018-05-08 23:27:26',NULL,NULL),('473ee0e7-5341-11e8-9492-94de800335d0','C67B755D-90C1-41B3-9D29-A47312BA0C60','AKITA INU',1,1,'A931CD7F-235E-4019-BD38-1F8995270FF4','2018-05-08 23:27:26',NULL,NULL),('47410ab4-5341-11e8-9492-94de800335d0','C67B755D-90C1-41B3-9D29-A47312BA0C60','MALTES',1,1,'A931CD7F-235E-4019-BD38-1F8995270FF4','2018-05-08 23:27:26',NULL,NULL),('474382e6-5341-11e8-9492-94de800335d0','C67B755D-90C1-41B3-9D29-A47312BA0C60','SCHNAUZER GIGANTE',1,1,'A931CD7F-235E-4019-BD38-1F8995270FF4','2018-05-08 23:27:26',NULL,NULL),('4745a42f-5341-11e8-9492-94de800335d0','C67B755D-90C1-41B3-9D29-A47312BA0C60','BRACO ALEMAN',1,1,'A931CD7F-235E-4019-BD38-1F8995270FF4','2018-05-08 23:27:26',NULL,NULL),('4747c483-5341-11e8-9492-94de800335d0','C67B755D-90C1-41B3-9D29-A47312BA0C60','COCKER SPANIEL',1,1,'A931CD7F-235E-4019-BD38-1F8995270FF4','2018-05-08 23:27:26',NULL,NULL),('474a1875-5341-11e8-9492-94de800335d0','C67B755D-90C1-41B3-9D29-A47312BA0C60','SIBERIAN HUSKY',1,1,'A931CD7F-235E-4019-BD38-1F8995270FF4','2018-05-08 23:27:26',NULL,NULL),('474c55ae-5341-11e8-9492-94de800335d0','C67B755D-90C1-41B3-9D29-A47312BA0C60','PASTOR BELGA',1,1,'A931CD7F-235E-4019-BD38-1F8995270FF4','2018-05-08 23:27:26',NULL,NULL),('4750123e-5341-11e8-9492-94de800335d0','C67B755D-90C1-41B3-9D29-A47312BA0C60','COLLIE DE PELO LARGO',1,1,'A931CD7F-235E-4019-BD38-1F8995270FF4','2018-05-08 23:27:26',NULL,NULL),('47523705-5341-11e8-9492-94de800335d0','C67B755D-90C1-41B3-9D29-A47312BA0C60','GRAN DANES',1,1,'A931CD7F-235E-4019-BD38-1F8995270FF4','2018-05-08 23:27:26',NULL,NULL),('47544eed-5341-11e8-9492-94de800335d0','C67B755D-90C1-41B3-9D29-A47312BA0C60','DACHSHUND (SALCHICHA)',1,1,'A931CD7F-235E-4019-BD38-1F8995270FF4','2018-05-08 23:27:26',NULL,NULL),('4756a40a-5341-11e8-9492-94de800335d0','C67B755D-90C1-41B3-9D29-A47312BA0C60','BOXER',1,1,'A931CD7F-235E-4019-BD38-1F8995270FF4','2018-05-08 23:27:26',NULL,NULL),('4758dd28-5341-11e8-9492-94de800335d0','C67B755D-90C1-41B3-9D29-A47312BA0C60','JACK RUSSELL',1,1,'A931CD7F-235E-4019-BD38-1F8995270FF4','2018-05-08 23:27:26',NULL,NULL),('475b2a9c-5341-11e8-9492-94de800335d0','C67B755D-90C1-41B3-9D29-A47312BA0C60','CHIHUAHUA',1,1,'A931CD7F-235E-4019-BD38-1F8995270FF4','2018-05-08 23:27:26',NULL,NULL),('475ecda3-5341-11e8-9492-94de800335d0','C67B755D-90C1-41B3-9D29-A47312BA0C60','DOGO ARGENTINO',2,1,'A931CD7F-235E-4019-BD38-1F8995270FF4','2018-05-08 23:27:27',NULL,NULL),('4760f176-5341-11e8-9492-94de800335d0','C67B755D-90C1-41B3-9D29-A47312BA0C60','FILA BRASILERO',2,1,'A931CD7F-235E-4019-BD38-1F8995270FF4','2018-05-08 23:27:27',NULL,NULL),('476334f2-5341-11e8-9492-94de800335d0','C67B755D-90C1-41B3-9D29-A47312BA0C60','LHASA APSO',1,1,'A931CD7F-235E-4019-BD38-1F8995270FF4','2018-05-08 23:27:27',NULL,NULL),('47656346-5341-11e8-9492-94de800335d0','C67B755D-90C1-41B3-9D29-A47312BA0C60','SCHNAUZER MINIATURA',1,1,'A931CD7F-235E-4019-BD38-1F8995270FF4','2018-05-08 23:27:27',NULL,NULL),('4767b1f8-5341-11e8-9492-94de800335d0','C67B755D-90C1-41B3-9D29-A47312BA0C60','SCHNAUZER ESTÁNDAR',1,1,'A931CD7F-235E-4019-BD38-1F8995270FF4','2018-05-08 23:27:27',NULL,NULL),('4769dba8-5341-11e8-9492-94de800335d0','C67B755D-90C1-41B3-9D29-A47312BA0C60','BASSET HOUND',1,1,'A931CD7F-235E-4019-BD38-1F8995270FF4','2018-05-08 23:27:27',NULL,NULL),('476c051d-5341-11e8-9492-94de800335d0','C67B755D-90C1-41B3-9D29-A47312BA0C60','BICHON FRISE',1,1,'A931CD7F-235E-4019-BD38-1F8995270FF4','2018-05-08 23:27:27',NULL,NULL),('476e4edd-5341-11e8-9492-94de800335d0','C67B755D-90C1-41B3-9D29-A47312BA0C60','YORK SPITZ',1,1,'A931CD7F-235E-4019-BD38-1F8995270FF4','2018-05-08 23:27:27',NULL,NULL),('47706f7f-5341-11e8-9492-94de800335d0','C67B755D-90C1-41B3-9D29-A47312BA0C60','GOLDEN RETRIEVER',1,1,'A931CD7F-235E-4019-BD38-1F8995270FF4','2018-05-08 23:27:27',NULL,NULL),('4772bd16-5341-11e8-9492-94de800335d0','C67B755D-90C1-41B3-9D29-A47312BA0C60','BOSTON TERRIER',1,1,'A931CD7F-235E-4019-BD38-1F8995270FF4','2018-05-08 23:27:27',NULL,NULL),('4774e91a-5341-11e8-9492-94de800335d0','C67B755D-90C1-41B3-9D29-A47312BA0C60','SCOTTISH TERRIER',1,1,'A931CD7F-235E-4019-BD38-1F8995270FF4','2018-05-08 23:27:27',NULL,NULL),('477708db-5341-11e8-9492-94de800335d0','C67B755D-90C1-41B3-9D29-A47312BA0C60','SHAR PEI',1,1,'A931CD7F-235E-4019-BD38-1F8995270FF4','2018-05-08 23:27:27',NULL,NULL),('477965ef-5341-11e8-9492-94de800335d0','C67B755D-90C1-41B3-9D29-A47312BA0C60','FOX TERRIER PELO DURO',1,1,'A931CD7F-235E-4019-BD38-1F8995270FF4','2018-05-08 23:27:27',NULL,NULL),('477cfea1-5341-11e8-9492-94de800335d0','C67B755D-90C1-41B3-9D29-A47312BA0C60','BLOODHOUND',1,1,'A931CD7F-235E-4019-BD38-1F8995270FF4','2018-05-08 23:27:27',NULL,NULL),('477f4f77-5341-11e8-9492-94de800335d0','C67B755D-90C1-41B3-9D29-A47312BA0C60','CAIRN TERRIER',1,1,'A931CD7F-235E-4019-BD38-1F8995270FF4','2018-05-08 23:27:27',NULL,NULL),('47817cdb-5341-11e8-9492-94de800335d0','C67B755D-90C1-41B3-9D29-A47312BA0C60','RHODESIAN RIDGEBACK',1,1,'A931CD7F-235E-4019-BD38-1F8995270FF4','2018-05-08 23:27:27',NULL,NULL),('47839783-5341-11e8-9492-94de800335d0','C67B755D-90C1-41B3-9D29-A47312BA0C60','BORDEAUX-DOG',1,1,'A931CD7F-235E-4019-BD38-1F8995270FF4','2018-05-08 23:27:27',NULL,NULL),('4785e375-5341-11e8-9492-94de800335d0','C67B755D-90C1-41B3-9D29-A47312BA0C60','PARSON RUSSELL',1,1,'A931CD7F-235E-4019-BD38-1F8995270FF4','2018-05-08 23:27:27',NULL,NULL),('47880a9f-5341-11e8-9492-94de800335d0','C67B755D-90C1-41B3-9D29-A47312BA0C60','POODLE (CANICHE)',1,1,'A931CD7F-235E-4019-BD38-1F8995270FF4','2018-05-08 23:27:27',NULL,NULL),('478a3dc3-5341-11e8-9492-94de800335d0','C67B755D-90C1-41B3-9D29-A47312BA0C60','FOX TERRIER PELO LISO',1,1,'A931CD7F-235E-4019-BD38-1F8995270FF4','2018-05-08 23:27:27',NULL,NULL),('4795cb6d-5341-11e8-9492-94de800335d0','C67B755D-90C1-41B3-9D29-A47312BA0C60','GALGO',1,1,'A931CD7F-235E-4019-BD38-1F8995270FF4','2018-05-08 23:27:27',NULL,NULL),('47a2bca9-5341-11e8-9492-94de800335d0','C67B755D-90C1-41B3-9D29-A47312BA0C60','BICHON HABANERO',1,1,'A931CD7F-235E-4019-BD38-1F8995270FF4','2018-05-08 23:27:27',NULL,NULL),('47ae3601-5341-11e8-9492-94de800335d0','C67B755D-90C1-41B3-9D29-A47312BA0C60','BASSET ARTESIANO',1,1,'A931CD7F-235E-4019-BD38-1F8995270FF4','2018-05-08 23:27:27',NULL,NULL),('47b06b17-5341-11e8-9492-94de800335d0','C67B755D-90C1-41B3-9D29-A47312BA0C60','WELSH SPRINGEL SPANISH',1,1,'A931CD7F-235E-4019-BD38-1F8995270FF4','2018-05-08 23:27:27',NULL,NULL),('47b27a2c-5341-11e8-9492-94de800335d0','C67B755D-90C1-41B3-9D29-A47312BA0C60','BULL TERRIER',1,1,'A931CD7F-235E-4019-BD38-1F8995270FF4','2018-05-08 23:27:27',NULL,NULL),('47b4e228-5341-11e8-9492-94de800335d0','C67B755D-90C1-41B3-9D29-A47312BA0C60','LABRADOR',1,1,'A931CD7F-235E-4019-BD38-1F8995270FF4','2018-05-08 23:27:27',NULL,NULL),('47b70d68-5341-11e8-9492-94de800335d0','C67B755D-90C1-41B3-9D29-A47312BA0C60','BRACO DE AUVERNIA',1,1,'A931CD7F-235E-4019-BD38-1F8995270FF4','2018-05-08 23:27:27',NULL,NULL),('47baddd9-5341-11e8-9492-94de800335d0','C67B755D-90C1-41B3-9D29-A47312BA0C60','SCHIPPERKE',1,1,'A931CD7F-235E-4019-BD38-1F8995270FF4','2018-05-08 23:27:27',NULL,NULL),('47bcf58b-5341-11e8-9492-94de800335d0','C67B755D-90C1-41B3-9D29-A47312BA0C60','SOFT COATED WHEATEN TERRIER',1,1,'A931CD7F-235E-4019-BD38-1F8995270FF4','2018-05-08 23:27:27',NULL,NULL),('47bf20f8-5341-11e8-9492-94de800335d0','C67B755D-90C1-41B3-9D29-A47312BA0C60','CRUCE',1,1,'A931CD7F-235E-4019-BD38-1F8995270FF4','2018-05-08 23:27:27',NULL,NULL),('47c2eb42-5341-11e8-9492-94de800335d0','C67B755D-90C1-41B3-9D29-A47312BA0C60','DALMATA',1,1,'A931CD7F-235E-4019-BD38-1F8995270FF4','2018-05-08 23:27:27',NULL,NULL),('47c51fb7-5341-11e8-9492-94de800335d0','C67B755D-90C1-41B3-9D29-A47312BA0C60','MASTIN NAPOLITANO',1,1,'A931CD7F-235E-4019-BD38-1F8995270FF4','2018-05-08 23:27:27',NULL,NULL),('47c7763e-5341-11e8-9492-94de800335d0','C67B755D-90C1-41B3-9D29-A47312BA0C60','CHESAPEAKE BAY RETRIEVER',1,1,'A931CD7F-235E-4019-BD38-1F8995270FF4','2018-05-08 23:27:27',NULL,NULL),('47c98e21-5341-11e8-9492-94de800335d0','C67B755D-90C1-41B3-9D29-A47312BA0C60','BORDER COLLIE',1,1,'A931CD7F-235E-4019-BD38-1F8995270FF4','2018-05-08 23:27:27',NULL,NULL),('47cbb936-5341-11e8-9492-94de800335d0','C67B755D-90C1-41B3-9D29-A47312BA0C60','TIBETAN SPANIEL',1,1,'A931CD7F-235E-4019-BD38-1F8995270FF4','2018-05-08 23:27:27',NULL,NULL),('47ce05d8-5341-11e8-9492-94de800335d0','C67B755D-90C1-41B3-9D29-A47312BA0C60','SPRINGER SPANIEL',1,1,'A931CD7F-235E-4019-BD38-1F8995270FF4','2018-05-08 23:27:27',NULL,NULL),('47d038fb-5341-11e8-9492-94de800335d0','C67B755D-90C1-41B3-9D29-A47312BA0C60','CHIN JAPONES',1,1,'A931CD7F-235E-4019-BD38-1F8995270FF4','2018-05-08 23:27:27',NULL,NULL),('47d3f9cd-5341-11e8-9492-94de800335d0','C67B755D-90C1-41B3-9D29-A47312BA0C60','MALTES PUPPY LOVE',1,1,'A931CD7F-235E-4019-BD38-1F8995270FF4','2018-05-08 23:27:27',NULL,NULL),('47d61998-5341-11e8-9492-94de800335d0','C67B755D-90C1-41B3-9D29-A47312BA0C60','CAVALIER KING CHARLES SPANIEL',1,1,'A931CD7F-235E-4019-BD38-1F8995270FF4','2018-05-08 23:27:27',NULL,NULL),('47d83e33-5341-11e8-9492-94de800335d0','C67B755D-90C1-41B3-9D29-A47312BA0C60','GRAN PIRINEO',1,1,'A931CD7F-235E-4019-BD38-1F8995270FF4','2018-05-08 23:27:27',NULL,NULL),('47da9f76-5341-11e8-9492-94de800335d0','C67B755D-90C1-41B3-9D29-A47312BA0C60','CASTELLANA',1,1,'A931CD7F-235E-4019-BD38-1F8995270FF4','2018-05-08 23:27:27',NULL,NULL),('47dcb85c-5341-11e8-9492-94de800335d0','C67B755D-90C1-41B3-9D29-A47312BA0C60','JACK PARSON RUSELL TERRIER',1,1,'A931CD7F-235E-4019-BD38-1F8995270FF4','2018-05-08 23:27:27',NULL,NULL),('47e0942a-5341-11e8-9492-94de800335d0','C67B755D-90C1-41B3-9D29-A47312BA0C60','PASTOR BLANCO SUIZO',1,1,'A931CD7F-235E-4019-BD38-1F8995270FF4','2018-05-08 23:27:27',NULL,NULL),('47e2bdd9-5341-11e8-9492-94de800335d0','C67B755D-90C1-41B3-9D29-A47312BA0C60','BLUE BEAGLE',1,1,'A931CD7F-235E-4019-BD38-1F8995270FF4','2018-05-08 23:27:27',NULL,NULL),('47e4e8c7-5341-11e8-9492-94de800335d0','C67B755D-90C1-41B3-9D29-A47312BA0C60','PUGGLE',1,1,'A931CD7F-235E-4019-BD38-1F8995270FF4','2018-05-08 23:27:27',NULL,NULL),('47e730c5-5341-11e8-9492-94de800335d0','C67B755D-90C1-41B3-9D29-A47312BA0C60','SPITZ ALEMAN MEDIANO',1,1,'A931CD7F-235E-4019-BD38-1F8995270FF4','2018-05-08 23:27:27',NULL,NULL),('47e9533c-5341-11e8-9492-94de800335d0','C67B755D-90C1-41B3-9D29-A47312BA0C60','SPITZ ALEMAN PEQUEÑO',1,1,'A931CD7F-235E-4019-BD38-1F8995270FF4','2018-05-08 23:27:27',NULL,NULL),('47eb9c78-5341-11e8-9492-94de800335d0','C67B755D-90C1-41B3-9D29-A47312BA0C60','SPITZ ALEMAN ENANO',1,1,'A931CD7F-235E-4019-BD38-1F8995270FF4','2018-05-08 23:27:27',NULL,NULL),('47edc27d-5341-11e8-9492-94de800335d0','C67B755D-90C1-41B3-9D29-A47312BA0C60','GRAN SPITZ ALEMAN',1,1,'A931CD7F-235E-4019-BD38-1F8995270FF4','2018-05-08 23:27:27',NULL,NULL),('47efe3bc-5341-11e8-9492-94de800335d0','C67B755D-90C1-41B3-9D29-A47312BA0C60','PARSON RUSSELL TERRIER',1,1,'A931CD7F-235E-4019-BD38-1F8995270FF4','2018-05-08 23:27:27',NULL,NULL),('47f23118-5341-11e8-9492-94de800335d0','C67B755D-90C1-41B3-9D29-A47312BA0C60','WELSH CORGI',1,1,'A931CD7F-235E-4019-BD38-1F8995270FF4','2018-05-08 23:27:27',NULL,NULL);

/*Table structure for table `sexomascota` */

DROP TABLE IF EXISTS `sexomascota`;

CREATE TABLE `sexomascota` (
  `ID_SEXOMASCOTA` int(5) NOT NULL AUTO_INCREMENT,
  `SEXO` varchar(20) DEFAULT NULL,
  `SEXOMASCOTA_ESTADO` varchar(1) DEFAULT NULL,
  `USERREG` varchar(36) DEFAULT NULL,
  `FECREG` datetime DEFAULT NULL,
  `USERMOD` varchar(36) DEFAULT NULL,
  `FECMOD` datetime DEFAULT NULL,
  PRIMARY KEY (`ID_SEXOMASCOTA`)
) ENGINE=InnoDB DEFAULT CHARSET=latin1;

/*Data for the table `sexomascota` */

/*Table structure for table `users` */

DROP TABLE IF EXISTS `users`;

CREATE TABLE `users` (
  `ID_PERSONA` varchar(36) NOT NULL,
  `USER` varchar(35) DEFAULT NULL,
  `NOMBRES` varchar(35) DEFAULT NULL,
  `APELLIDO_PATERNO` varchar(35) DEFAULT NULL,
  `APELLIDO_MATERNO` varchar(35) DEFAULT NULL,
  `NUMERO_DOCUMENTO` varchar(11) DEFAULT NULL,
  `NACIMIENTO` datetime DEFAULT NULL,
  `DIRECCION` varchar(100) DEFAULT NULL,
  `TELEFONO` varchar(9) DEFAULT NULL,
  `EMAIL` varchar(50) DEFAULT NULL,
  `PASSWORD` varchar(32) DEFAULT NULL,
  `USERREG` varchar(36) DEFAULT NULL,
  `FECREG` datetime DEFAULT NULL,
  `USERMOD` varchar(36) DEFAULT NULL,
  `FECMOD` datetime DEFAULT NULL,
  `USERESTADO` varchar(1) DEFAULT NULL,
  `ID_PERFIL` int(5) DEFAULT NULL,
  `NOTIFICACIONES` varchar(2) DEFAULT NULL,
  `ID_ESTADO_REGISTRO` int(5) DEFAULT NULL,
  PRIMARY KEY (`ID_PERSONA`),
  KEY `ID_PERFIL` (`ID_PERFIL`),
  KEY `ID_ESTADO_REGISTRO` (`ID_ESTADO_REGISTRO`),
  CONSTRAINT `users_ibfk_1` FOREIGN KEY (`ID_PERFIL`) REFERENCES `perfiles` (`ID_PERFILE`),
  CONSTRAINT `users_ibfk_2` FOREIGN KEY (`ID_ESTADO_REGISTRO`) REFERENCES `estados_registro` (`ID_ESTADO_REGISTRO`)
) ENGINE=InnoDB DEFAULT CHARSET=latin1;

/*Data for the table `users` */

insert  into `users`(`ID_PERSONA`,`USER`,`NOMBRES`,`APELLIDO_PATERNO`,`APELLIDO_MATERNO`,`NUMERO_DOCUMENTO`,`NACIMIENTO`,`DIRECCION`,`TELEFONO`,`EMAIL`,`PASSWORD`,`USERREG`,`FECREG`,`USERMOD`,`FECMOD`,`USERESTADO`,`ID_PERFIL`,`NOTIFICACIONES`,`ID_ESTADO_REGISTRO`) values ('A931CD7F-235E-4019-BD38-1F8995270FF4','RICV','IVAN','CARHUARICRA','VIVAS','',NULL,NULL,NULL,'ricv_89@hotmail.com','49a61955b1e7bc63b30868575396debb','','2018-04-21 00:46:43',NULL,NULL,NULL,1,NULL,NULL);

/*!40101 SET SQL_MODE=@OLD_SQL_MODE */;
/*!40014 SET FOREIGN_KEY_CHECKS=@OLD_FOREIGN_KEY_CHECKS */;
/*!40014 SET UNIQUE_CHECKS=@OLD_UNIQUE_CHECKS */;
/*!40111 SET SQL_NOTES=@OLD_SQL_NOTES */;
